/* 사용자 */
DROP TABLE USERS 
	CASCADE CONSTRAINTS;

/* 코스 */
DROP TABLE COURSE 
	CASCADE CONSTRAINTS;

/* 기록 */
DROP TABLE RECORD 
	CASCADE CONSTRAINTS;

/* 기록사진 */
DROP TABLE RECORD_IMG 
	CASCADE CONSTRAINTS;

/* 방향 */
DROP TABLE POINT 
	CASCADE CONSTRAINTS;

/* 즐겨찾기 카테고리 */
DROP TABLE FAVORITE_CATEGORY 
	CASCADE CONSTRAINTS;

/* 즐겨찾기 코스 */
DROP TABLE FAVORITE_COURSE 
	CASCADE CONSTRAINTS;

/* 좋아요 코스 */
DROP TABLE LIKED_COURSE 
	CASCADE CONSTRAINTS;

/* 함께하기 */
DROP TABLE EVENT 
	CASCADE CONSTRAINTS;

/* 이벤트 댓글 */
DROP TABLE EVENT_COMMENT 
	CASCADE CONSTRAINTS;

/* 참여한 이벤트 */
DROP TABLE EVENT_JOINED 
	CASCADE CONSTRAINTS;

/* 태그한 이벤트 */
DROP TABLE EVENT_TAGGED 
	CASCADE CONSTRAINTS;

/* 게시판 */
DROP TABLE BOARD 
	CASCADE CONSTRAINTS;

/* 게시판 댓글 */
DROP TABLE BOARD_COMMENT 
	CASCADE CONSTRAINTS;

/* 게시판 사진 */
DROP TABLE BOARD_IMG 
	CASCADE CONSTRAINTS;

/* 1:1 게시판 사진 */
DROP TABLE Q_LIST
	CASCADE CONSTRAINTS;
	
/* 1:1 게시판 댓글 */
DROP TABLE Q_LIST_COMMENT 
	CASCADE CONSTRAINTS;

/* 시퀀스 */
DROP SEQUENCE SEQ_USER_NO;
DROP SEQUENCE SEQ_COURSE_NO;
DROP SEQUENCE SEQ_RECORD_NO;
DROP SEQUENCE SEQ_RECORD_IMG_NO;
DROP SEQUENCE SEQ_POINT_NO;
DROP SEQUENCE SEQ_CATE_NO;
DROP SEQUENCE SEQ_EVENT_NO;
DROP SEQUENCE SEQ_EVENT_COMMENT_NO;
DROP SEQUENCE SEQ_BOARD_NO;
DROP SEQUENCE SEQ_BOARD_COMMENT_NO;
DROP SEQUENCE SEQ_BOARD_IMG_NO;
DROP SEQUENCE SEQ_Q_LIST_NO;
DROP SEQUENCE SEQ_Q_COMMENT_NO;


--------------------------------------------------------
--  파일이 생성됨 - 금요일-10월-21-2022   
--------------------------------------------------------
--------------------------------------------------------
--  DDL for Sequence SEQ_BOARD_COMMENT_NO
--------------------------------------------------------

   CREATE SEQUENCE  "JOADB"."SEQ_BOARD_COMMENT_NO"  MINVALUE 1 MAXVALUE 9999999999999999999999999999 INCREMENT BY 1 START WITH 1 NOCACHE  NOORDER  NOCYCLE ;
--------------------------------------------------------
--  DDL for Sequence SEQ_BOARD_IMG_NO
--------------------------------------------------------

   CREATE SEQUENCE  "JOADB"."SEQ_BOARD_IMG_NO"  MINVALUE 1 MAXVALUE 9999999999999999999999999999 INCREMENT BY 1 START WITH 1 NOCACHE  NOORDER  NOCYCLE ;
--------------------------------------------------------
--  DDL for Sequence SEQ_BOARD_NO
--------------------------------------------------------

   CREATE SEQUENCE  "JOADB"."SEQ_BOARD_NO"  MINVALUE 1 MAXVALUE 9999999999999999999999999999 INCREMENT BY 1 START WITH 10 NOCACHE  NOORDER  NOCYCLE ;
--------------------------------------------------------
--  DDL for Sequence SEQ_CATE_NO
--------------------------------------------------------

   CREATE SEQUENCE  "JOADB"."SEQ_CATE_NO"  MINVALUE 1 MAXVALUE 9999999999999999999999999999 INCREMENT BY 1 START WITH 10 NOCACHE  NOORDER  NOCYCLE ;
--------------------------------------------------------
--  DDL for Sequence SEQ_COURSE_NO
--------------------------------------------------------

   CREATE SEQUENCE  "JOADB"."SEQ_COURSE_NO"  MINVALUE 1 MAXVALUE 9999999999999999999999999999 INCREMENT BY 1 START WITH 31 NOCACHE  NOORDER  NOCYCLE ;
--------------------------------------------------------
--  DDL for Sequence SEQ_EVENT_COMMENT_NO
--------------------------------------------------------

   CREATE SEQUENCE  "JOADB"."SEQ_EVENT_COMMENT_NO"  MINVALUE 1 MAXVALUE 9999999999999999999999999999 INCREMENT BY 1 START WITH 11 NOCACHE  NOORDER  NOCYCLE ;
--------------------------------------------------------
--  DDL for Sequence SEQ_EVENT_NO
--------------------------------------------------------

   CREATE SEQUENCE  "JOADB"."SEQ_EVENT_NO"  MINVALUE 1 MAXVALUE 9999999999999999999999999999 INCREMENT BY 1 START WITH 7 NOCACHE  NOORDER  NOCYCLE ;
--------------------------------------------------------
--  DDL for Sequence SEQ_POINT_NO
--------------------------------------------------------

   CREATE SEQUENCE  "JOADB"."SEQ_POINT_NO"  MINVALUE 1 MAXVALUE 9999999999999999999999999999 INCREMENT BY 1 START WITH 654 NOCACHE  NOORDER  NOCYCLE ;
--------------------------------------------------------
--  DDL for Sequence SEQ_Q_COMMENT_NO
--------------------------------------------------------

   CREATE SEQUENCE  "JOADB"."SEQ_Q_COMMENT_NO"  MINVALUE 1 MAXVALUE 9999999999999999999999999999 INCREMENT BY 1 START WITH 4 NOCACHE  NOORDER  NOCYCLE ;
--------------------------------------------------------
--  DDL for Sequence SEQ_Q_LIST_NO
--------------------------------------------------------

   CREATE SEQUENCE  "JOADB"."SEQ_Q_LIST_NO"  MINVALUE 1 MAXVALUE 9999999999999999999999999999 INCREMENT BY 1 START WITH 9 NOCACHE  NOORDER  NOCYCLE ;
--------------------------------------------------------
--  DDL for Sequence SEQ_RECORD_IMG_NO
--------------------------------------------------------

   CREATE SEQUENCE  "JOADB"."SEQ_RECORD_IMG_NO"  MINVALUE 1 MAXVALUE 9999999999999999999999999999 INCREMENT BY 1 START WITH 28 NOCACHE  NOORDER  NOCYCLE ;
--------------------------------------------------------
--  DDL for Sequence SEQ_RECORD_NO
--------------------------------------------------------

   CREATE SEQUENCE  "JOADB"."SEQ_RECORD_NO"  MINVALUE 1 MAXVALUE 9999999999999999999999999999 INCREMENT BY 1 START WITH 43 NOCACHE  NOORDER  NOCYCLE ;
--------------------------------------------------------
--  DDL for Sequence SEQ_USER_NO
--------------------------------------------------------

   CREATE SEQUENCE  "JOADB"."SEQ_USER_NO"  MINVALUE 1 MAXVALUE 9999999999999999999999999999 INCREMENT BY 1 START WITH 8 NOCACHE  NOORDER  NOCYCLE ;
--------------------------------------------------------
--  DDL for Table BOARD
--------------------------------------------------------

  CREATE TABLE "JOADB"."BOARD" 
   (	"BOARD_NO" NUMBER, 
	"USER_NO" NUMBER, 
	"COURSE_NO" NUMBER, 
	"EVENT_NO" NUMBER, 
	"BOARD_CATEGORY" VARCHAR2(100 BYTE), 
	"TITLE" VARCHAR2(200 BYTE), 
	"CONTENT" VARCHAR2(4000 BYTE), 
	"REG_DATE" DATE, 
	"VIEW_COUNT" NUMBER
   ) SEGMENT CREATION IMMEDIATE 
  PCTFREE 10 PCTUSED 40 INITRANS 1 MAXTRANS 255 NOCOMPRESS LOGGING
  STORAGE(INITIAL 65536 NEXT 1048576 MINEXTENTS 1 MAXEXTENTS 2147483645
  PCTINCREASE 0 FREELISTS 1 FREELIST GROUPS 1 BUFFER_POOL DEFAULT FLASH_CACHE DEFAULT CELL_FLASH_CACHE DEFAULT)
  TABLESPACE "SYSTEM" ;
--------------------------------------------------------
--  DDL for Table BOARD_COMMENT
--------------------------------------------------------

  CREATE TABLE "JOADB"."BOARD_COMMENT" 
   (	"B_COMMENT_NO" NUMBER, 
	"BOARD_NO" NUMBER, 
	"USER_NO" NUMBER, 
	"MENTION_USER" NUMBER, 
	"CONTENT" VARCHAR2(1000 BYTE), 
	"REG_DATE" DATE
   ) SEGMENT CREATION IMMEDIATE 
  PCTFREE 10 PCTUSED 40 INITRANS 1 MAXTRANS 255 NOCOMPRESS LOGGING
  STORAGE(INITIAL 65536 NEXT 1048576 MINEXTENTS 1 MAXEXTENTS 2147483645
  PCTINCREASE 0 FREELISTS 1 FREELIST GROUPS 1 BUFFER_POOL DEFAULT FLASH_CACHE DEFAULT CELL_FLASH_CACHE DEFAULT)
  TABLESPACE "SYSTEM" ;
--------------------------------------------------------
--  DDL for Table BOARD_IMG
--------------------------------------------------------

  CREATE TABLE "JOADB"."BOARD_IMG" 
   (	"BOARD_IMG_NO" NUMBER, 
	"BOARD_NO" NUMBER, 
	"SAVE_NAME" VARCHAR2(500 BYTE), 
	"FILE_PATH" VARCHAR2(2000 BYTE), 
	"ORDER_NO" NUMBER
   ) SEGMENT CREATION IMMEDIATE 
  PCTFREE 10 PCTUSED 40 INITRANS 1 MAXTRANS 255 NOCOMPRESS LOGGING
  STORAGE(INITIAL 65536 NEXT 1048576 MINEXTENTS 1 MAXEXTENTS 2147483645
  PCTINCREASE 0 FREELISTS 1 FREELIST GROUPS 1 BUFFER_POOL DEFAULT FLASH_CACHE DEFAULT CELL_FLASH_CACHE DEFAULT)
  TABLESPACE "SYSTEM" ;
--------------------------------------------------------
--  DDL for Table COURSE
--------------------------------------------------------

  CREATE TABLE "JOADB"."COURSE" 
   (	"COURSE_NO" NUMBER, 
	"USER_NO" NUMBER, 
	"TITLE" VARCHAR2(100 BYTE), 
	"DISTANCE" NUMBER, 
	"COURSE_CATEGORY" VARCHAR2(50 BYTE), 
	"COURSE_TIME" NUMBER, 
	"DIFFICULTY" VARCHAR2(100 BYTE), 
	"REG_DATE" DATE, 
	"OPEN_STATUS" VARCHAR2(50 BYTE)
   ) SEGMENT CREATION IMMEDIATE 
  PCTFREE 10 PCTUSED 40 INITRANS 1 MAXTRANS 255 NOCOMPRESS LOGGING
  STORAGE(INITIAL 65536 NEXT 1048576 MINEXTENTS 1 MAXEXTENTS 2147483645
  PCTINCREASE 0 FREELISTS 1 FREELIST GROUPS 1 BUFFER_POOL DEFAULT FLASH_CACHE DEFAULT CELL_FLASH_CACHE DEFAULT)
  TABLESPACE "SYSTEM" ;
--------------------------------------------------------
--  DDL for Table EVENT
--------------------------------------------------------

  CREATE TABLE "JOADB"."EVENT" 
   (	"EVENT_NO" NUMBER, 
	"USER_NO" NUMBER, 
	"COURSE_NO" NUMBER, 
	"EVENT_TITLE" VARCHAR2(1000 BYTE), 
	"CONTENT" VARCHAR2(4000 BYTE), 
	"PLACE" VARCHAR2(100 BYTE), 
	"JOIN_MAX" NUMBER, 
	"REG_START" DATE, 
	"REG_END" DATE, 
	"EVENT_START" DATE
   ) SEGMENT CREATION IMMEDIATE 
  PCTFREE 10 PCTUSED 40 INITRANS 1 MAXTRANS 255 NOCOMPRESS LOGGING
  STORAGE(INITIAL 65536 NEXT 1048576 MINEXTENTS 1 MAXEXTENTS 2147483645
  PCTINCREASE 0 FREELISTS 1 FREELIST GROUPS 1 BUFFER_POOL DEFAULT FLASH_CACHE DEFAULT CELL_FLASH_CACHE DEFAULT)
  TABLESPACE "SYSTEM" ;
--------------------------------------------------------
--  DDL for Table EVENT_COMMENT
--------------------------------------------------------

  CREATE TABLE "JOADB"."EVENT_COMMENT" 
   (	"E_COMMENT_NO" NUMBER, 
	"EVENT_NO" NUMBER, 
	"USER_NO" NUMBER, 
	"MENTION_USER" NUMBER, 
	"CONTENT" VARCHAR2(1000 BYTE), 
	"REG_DATE" DATE
   ) SEGMENT CREATION IMMEDIATE 
  PCTFREE 10 PCTUSED 40 INITRANS 1 MAXTRANS 255 NOCOMPRESS LOGGING
  STORAGE(INITIAL 65536 NEXT 1048576 MINEXTENTS 1 MAXEXTENTS 2147483645
  PCTINCREASE 0 FREELISTS 1 FREELIST GROUPS 1 BUFFER_POOL DEFAULT FLASH_CACHE DEFAULT CELL_FLASH_CACHE DEFAULT)
  TABLESPACE "SYSTEM" ;
--------------------------------------------------------
--  DDL for Table EVENT_JOINED
--------------------------------------------------------

  CREATE TABLE "JOADB"."EVENT_JOINED" 
   (	"USER_NO" NUMBER, 
	"EVENT_NO" NUMBER
   ) SEGMENT CREATION IMMEDIATE 
  PCTFREE 10 PCTUSED 40 INITRANS 1 MAXTRANS 255 NOCOMPRESS LOGGING
  STORAGE(INITIAL 65536 NEXT 1048576 MINEXTENTS 1 MAXEXTENTS 2147483645
  PCTINCREASE 0 FREELISTS 1 FREELIST GROUPS 1 BUFFER_POOL DEFAULT FLASH_CACHE DEFAULT CELL_FLASH_CACHE DEFAULT)
  TABLESPACE "SYSTEM" ;
--------------------------------------------------------
--  DDL for Table EVENT_TAGGED
--------------------------------------------------------

  CREATE TABLE "JOADB"."EVENT_TAGGED" 
   (	"USER_NO" NUMBER, 
	"EVENT_NO" NUMBER
   ) SEGMENT CREATION IMMEDIATE 
  PCTFREE 10 PCTUSED 40 INITRANS 1 MAXTRANS 255 NOCOMPRESS LOGGING
  STORAGE(INITIAL 65536 NEXT 1048576 MINEXTENTS 1 MAXEXTENTS 2147483645
  PCTINCREASE 0 FREELISTS 1 FREELIST GROUPS 1 BUFFER_POOL DEFAULT FLASH_CACHE DEFAULT CELL_FLASH_CACHE DEFAULT)
  TABLESPACE "SYSTEM" ;
--------------------------------------------------------
--  DDL for Table FAVORITE_CATEGORY
--------------------------------------------------------

  CREATE TABLE "JOADB"."FAVORITE_CATEGORY" 
   (	"CATE_NO" NUMBER, 
	"USER_NO" NUMBER, 
	"CATE_NAME" VARCHAR2(200 BYTE)
   ) SEGMENT CREATION IMMEDIATE 
  PCTFREE 10 PCTUSED 40 INITRANS 1 MAXTRANS 255 NOCOMPRESS LOGGING
  STORAGE(INITIAL 65536 NEXT 1048576 MINEXTENTS 1 MAXEXTENTS 2147483645
  PCTINCREASE 0 FREELISTS 1 FREELIST GROUPS 1 BUFFER_POOL DEFAULT FLASH_CACHE DEFAULT CELL_FLASH_CACHE DEFAULT)
  TABLESPACE "SYSTEM" ;
--------------------------------------------------------
--  DDL for Table FAVORITE_COURSE
--------------------------------------------------------

  CREATE TABLE "JOADB"."FAVORITE_COURSE" 
   (	"COURSE_NO" NUMBER, 
	"CATE_NO" NUMBER, 
	"FAV_DATE" DATE
   ) SEGMENT CREATION IMMEDIATE 
  PCTFREE 10 PCTUSED 40 INITRANS 1 MAXTRANS 255 NOCOMPRESS LOGGING
  STORAGE(INITIAL 65536 NEXT 1048576 MINEXTENTS 1 MAXEXTENTS 2147483645
  PCTINCREASE 0 FREELISTS 1 FREELIST GROUPS 1 BUFFER_POOL DEFAULT FLASH_CACHE DEFAULT CELL_FLASH_CACHE DEFAULT)
  TABLESPACE "SYSTEM" ;
--------------------------------------------------------
--  DDL for Table LIKED_COURSE
--------------------------------------------------------

  CREATE TABLE "JOADB"."LIKED_COURSE" 
   (	"USER_NO" NUMBER, 
	"COURSE_NO" NUMBER, 
	"LIKE_DATE" DATE
   ) SEGMENT CREATION IMMEDIATE 
  PCTFREE 10 PCTUSED 40 INITRANS 1 MAXTRANS 255 NOCOMPRESS LOGGING
  STORAGE(INITIAL 65536 NEXT 1048576 MINEXTENTS 1 MAXEXTENTS 2147483645
  PCTINCREASE 0 FREELISTS 1 FREELIST GROUPS 1 BUFFER_POOL DEFAULT FLASH_CACHE DEFAULT CELL_FLASH_CACHE DEFAULT)
  TABLESPACE "SYSTEM" ;
--------------------------------------------------------
--  DDL for Table POINT
--------------------------------------------------------

  CREATE TABLE "JOADB"."POINT" 
   (	"POINT_NO" NUMBER, 
	"COURSE_NO" NUMBER, 
	"ORDER_NO" NUMBER, 
	"X" NUMBER, 
	"Y" NUMBER
   ) SEGMENT CREATION IMMEDIATE 
  PCTFREE 10 PCTUSED 40 INITRANS 1 MAXTRANS 255 NOCOMPRESS LOGGING
  STORAGE(INITIAL 65536 NEXT 1048576 MINEXTENTS 1 MAXEXTENTS 2147483645
  PCTINCREASE 0 FREELISTS 1 FREELIST GROUPS 1 BUFFER_POOL DEFAULT FLASH_CACHE DEFAULT CELL_FLASH_CACHE DEFAULT)
  TABLESPACE "SYSTEM" ;
--------------------------------------------------------
--  DDL for Table Q_LIST
--------------------------------------------------------

  CREATE TABLE "JOADB"."Q_LIST" 
   (	"Q_LIST_NO" NUMBER, 
	"USER_NO" NUMBER, 
	"BOARD_CATEGORY" VARCHAR2(100 BYTE), 
	"TITLE" VARCHAR2(200 BYTE), 
	"CONTENT" VARCHAR2(4000 BYTE), 
	"REG_DATE" DATE, 
	"VIEW_COUNT" NUMBER
   ) SEGMENT CREATION IMMEDIATE 
  PCTFREE 10 PCTUSED 40 INITRANS 1 MAXTRANS 255 NOCOMPRESS LOGGING
  STORAGE(INITIAL 65536 NEXT 1048576 MINEXTENTS 1 MAXEXTENTS 2147483645
  PCTINCREASE 0 FREELISTS 1 FREELIST GROUPS 1 BUFFER_POOL DEFAULT FLASH_CACHE DEFAULT CELL_FLASH_CACHE DEFAULT)
  TABLESPACE "SYSTEM" ;
--------------------------------------------------------
--  DDL for Table Q_LIST_COMMENT
--------------------------------------------------------

  CREATE TABLE "JOADB"."Q_LIST_COMMENT" 
   (	"Q_COMMENT_NO" NUMBER, 
	"Q_LIST_NO" NUMBER, 
	"USER_NO" NUMBER, 
	"CONTENT" VARCHAR2(1000 BYTE), 
	"REG_DATE" DATE
   ) SEGMENT CREATION IMMEDIATE 
  PCTFREE 10 PCTUSED 40 INITRANS 1 MAXTRANS 255 NOCOMPRESS LOGGING
  STORAGE(INITIAL 65536 NEXT 1048576 MINEXTENTS 1 MAXEXTENTS 2147483645
  PCTINCREASE 0 FREELISTS 1 FREELIST GROUPS 1 BUFFER_POOL DEFAULT FLASH_CACHE DEFAULT CELL_FLASH_CACHE DEFAULT)
  TABLESPACE "SYSTEM" ;
--------------------------------------------------------
--  DDL for Table RECORD
--------------------------------------------------------

  CREATE TABLE "JOADB"."RECORD" 
   (	"RECORD_NO" NUMBER, 
	"COURSE_NO" NUMBER, 
	"USER_NO" NUMBER, 
	"REVIEW" VARCHAR2(500 BYTE), 
	"WEATHER" VARCHAR2(100 BYTE), 
	"TEMPERATURE" NUMBER, 
	"COURSE_CATEGORY" VARCHAR2(50 BYTE), 
	"COURSE_TIME" NUMBER, 
	"DIFFICULTY" VARCHAR2(100 BYTE), 
	"REG_DATE" DATE
   ) SEGMENT CREATION IMMEDIATE 
  PCTFREE 10 PCTUSED 40 INITRANS 1 MAXTRANS 255 NOCOMPRESS LOGGING
  STORAGE(INITIAL 65536 NEXT 1048576 MINEXTENTS 1 MAXEXTENTS 2147483645
  PCTINCREASE 0 FREELISTS 1 FREELIST GROUPS 1 BUFFER_POOL DEFAULT FLASH_CACHE DEFAULT CELL_FLASH_CACHE DEFAULT)
  TABLESPACE "SYSTEM" ;
--------------------------------------------------------
--  DDL for Table RECORD_IMG
--------------------------------------------------------

  CREATE TABLE "JOADB"."RECORD_IMG" 
   (	"RECORD_IMG_NO" NUMBER, 
	"RECORD_NO" NUMBER, 
	"SAVE_NAME" VARCHAR2(500 BYTE), 
	"FILE_PATH" VARCHAR2(2000 BYTE), 
	"ORDER_NO" NUMBER
   ) SEGMENT CREATION IMMEDIATE 
  PCTFREE 10 PCTUSED 40 INITRANS 1 MAXTRANS 255 NOCOMPRESS LOGGING
  STORAGE(INITIAL 65536 NEXT 1048576 MINEXTENTS 1 MAXEXTENTS 2147483645
  PCTINCREASE 0 FREELISTS 1 FREELIST GROUPS 1 BUFFER_POOL DEFAULT FLASH_CACHE DEFAULT CELL_FLASH_CACHE DEFAULT)
  TABLESPACE "SYSTEM" ;
--------------------------------------------------------
--  DDL for Table USERS
--------------------------------------------------------

  CREATE TABLE "JOADB"."USERS" 
   (	"USER_NO" NUMBER, 
	"ID" VARCHAR2(20 BYTE), 
	"PASSWORD" VARCHAR2(20 BYTE), 
	"NAME" VARCHAR2(100 BYTE), 
	"PHONE" VARCHAR2(20 BYTE), 
	"EMAIL" VARCHAR2(200 BYTE)
   ) SEGMENT CREATION IMMEDIATE 
  PCTFREE 10 PCTUSED 40 INITRANS 1 MAXTRANS 255 NOCOMPRESS LOGGING
  STORAGE(INITIAL 65536 NEXT 1048576 MINEXTENTS 1 MAXEXTENTS 2147483645
  PCTINCREASE 0 FREELISTS 1 FREELIST GROUPS 1 BUFFER_POOL DEFAULT FLASH_CACHE DEFAULT CELL_FLASH_CACHE DEFAULT)
  TABLESPACE "SYSTEM" ;
REM INSERTING into JOADB.BOARD
SET DEFINE OFF;
Insert into JOADB.BOARD (BOARD_NO,USER_NO,COURSE_NO,EVENT_NO,BOARD_CATEGORY,TITLE,CONTENT,REG_DATE,VIEW_COUNT) values (5,1,null,null,'commute','ㅠ','ㅠ',to_date('22/09/02','RR/MM/DD'),1);
Insert into JOADB.BOARD (BOARD_NO,USER_NO,COURSE_NO,EVENT_NO,BOARD_CATEGORY,TITLE,CONTENT,REG_DATE,VIEW_COUNT) values (6,1,null,null,'question','??','이 존잘남 누구???',to_date('22/09/02','RR/MM/DD'),3);
Insert into JOADB.BOARD (BOARD_NO,USER_NO,COURSE_NO,EVENT_NO,BOARD_CATEGORY,TITLE,CONTENT,REG_DATE,VIEW_COUNT) values (7,1,2,null,'post','와우...','이거 넘 힘들어요 ㅠㅠ',to_date('22/09/02','RR/MM/DD'),20);
Insert into JOADB.BOARD (BOARD_NO,USER_NO,COURSE_NO,EVENT_NO,BOARD_CATEGORY,TITLE,CONTENT,REG_DATE,VIEW_COUNT) values (8,4,null,2,'commute','a','a',to_date('22/09/02','RR/MM/DD'),3);
Insert into JOADB.BOARD (BOARD_NO,USER_NO,COURSE_NO,EVENT_NO,BOARD_CATEGORY,TITLE,CONTENT,REG_DATE,VIEW_COUNT) values (9,4,null,2,'question','????','?',to_date('22/09/02','RR/MM/DD'),48);
REM INSERTING into JOADB.BOARD_COMMENT
SET DEFINE OFF;
REM INSERTING into JOADB.BOARD_IMG
SET DEFINE OFF;
REM INSERTING into JOADB.COURSE
SET DEFINE OFF;
Insert into JOADB.COURSE (COURSE_NO,USER_NO,TITLE,DISTANCE,COURSE_CATEGORY,COURSE_TIME,DIFFICULTY,REG_DATE,OPEN_STATUS) values (1,5,'강아지 산책 코스',5.593,'walk',83,'normal',to_date('22/09/01','RR/MM/DD'),'open');
Insert into JOADB.COURSE (COURSE_NO,USER_NO,TITLE,DISTANCE,COURSE_CATEGORY,COURSE_TIME,DIFFICULTY,REG_DATE,OPEN_STATUS) values (2,1,'올리픽공원 운동코스',2.656,'jogging',19,'normal',to_date('22/09/01','RR/MM/DD'),'open');
Insert into JOADB.COURSE (COURSE_NO,USER_NO,TITLE,DISTANCE,COURSE_CATEGORY,COURSE_TIME,DIFFICULTY,REG_DATE,OPEN_STATUS) values (3,5,'강변에서 서울대입구',17.437,'bicycle',65,'hard',to_date('22/09/01','RR/MM/DD'),'open');
Insert into JOADB.COURSE (COURSE_NO,USER_NO,TITLE,DISTANCE,COURSE_CATEGORY,COURSE_TIME,DIFFICULTY,REG_DATE,OPEN_STATUS) values (4,4,'신대방 한바퀴',2.043,'walk',30,'easy',to_date('22/09/01','RR/MM/DD'),'open');
Insert into JOADB.COURSE (COURSE_NO,USER_NO,TITLE,DISTANCE,COURSE_CATEGORY,COURSE_TIME,DIFFICULTY,REG_DATE,OPEN_STATUS) values (5,2,'제주대 산책길',4.978,'jogging',37,'normal',to_date('22/09/01','RR/MM/DD'),'open');
Insert into JOADB.COURSE (COURSE_NO,USER_NO,TITLE,DISTANCE,COURSE_CATEGORY,COURSE_TIME,DIFFICULTY,REG_DATE,OPEN_STATUS) values (6,5,'아차산 등산 코스',2.867,'walk',42,'normal',to_date('22/09/01','RR/MM/DD'),'open');
Insert into JOADB.COURSE (COURSE_NO,USER_NO,TITLE,DISTANCE,COURSE_CATEGORY,COURSE_TIME,DIFFICULTY,REG_DATE,OPEN_STATUS) values (7,5,'중앙로역 가는 길',2.259,'walk',33,'easy',to_date('22/09/01','RR/MM/DD'),'open');
Insert into JOADB.COURSE (COURSE_NO,USER_NO,TITLE,DISTANCE,COURSE_CATEGORY,COURSE_TIME,DIFFICULTY,REG_DATE,OPEN_STATUS) values (8,5,'맨날 뛰는 코스',2.072,'jogging',15,'easy',to_date('22/09/01','RR/MM/DD'),'open');
Insert into JOADB.COURSE (COURSE_NO,USER_NO,TITLE,DISTANCE,COURSE_CATEGORY,COURSE_TIME,DIFFICULTY,REG_DATE,OPEN_STATUS) values (9,5,'맨날 뛰는 코스 2',2.769,'jogging',20,'normal',to_date('22/09/01','RR/MM/DD'),'open');
Insert into JOADB.COURSE (COURSE_NO,USER_NO,TITLE,DISTANCE,COURSE_CATEGORY,COURSE_TIME,DIFFICULTY,REG_DATE,OPEN_STATUS) values (10,2,'쭌이 산책길',4.221,'jogging',31,'normal',to_date('22/09/01','RR/MM/DD'),'open');
Insert into JOADB.COURSE (COURSE_NO,USER_NO,TITLE,DISTANCE,COURSE_CATEGORY,COURSE_TIME,DIFFICULTY,REG_DATE,OPEN_STATUS) values (11,1,'한강 코스',4.333,'jogging',32,'normal',to_date('22/09/01','RR/MM/DD'),'open');
Insert into JOADB.COURSE (COURSE_NO,USER_NO,TITLE,DISTANCE,COURSE_CATEGORY,COURSE_TIME,DIFFICULTY,REG_DATE,OPEN_STATUS) values (12,5,'석촌 호수',3.609,'running',14,'easy',to_date('22/09/01','RR/MM/DD'),'open');
Insert into JOADB.COURSE (COURSE_NO,USER_NO,TITLE,DISTANCE,COURSE_CATEGORY,COURSE_TIME,DIFFICULTY,REG_DATE,OPEN_STATUS) values (13,2,'쭌이 코스2',2.731,'walk',40,'normal',to_date('22/09/01','RR/MM/DD'),'open');
Insert into JOADB.COURSE (COURSE_NO,USER_NO,TITLE,DISTANCE,COURSE_CATEGORY,COURSE_TIME,DIFFICULTY,REG_DATE,OPEN_STATUS) values (14,5,'국토대장정',323.808,'marathon',1499,'hard',to_date('22/09/01','RR/MM/DD'),'open');
Insert into JOADB.COURSE (COURSE_NO,USER_NO,TITLE,DISTANCE,COURSE_CATEGORY,COURSE_TIME,DIFFICULTY,REG_DATE,OPEN_STATUS) values (15,4,'독산동 러닝',4.969,'running',19,'normal',to_date('22/09/01','RR/MM/DD'),'open');
Insert into JOADB.COURSE (COURSE_NO,USER_NO,TITLE,DISTANCE,COURSE_CATEGORY,COURSE_TIME,DIFFICULTY,REG_DATE,OPEN_STATUS) values (16,1,'서울대 출근길',0.863,'walk',12,'hard',to_date('22/09/01','RR/MM/DD'),'open');
Insert into JOADB.COURSE (COURSE_NO,USER_NO,TITLE,DISTANCE,COURSE_CATEGORY,COURSE_TIME,DIFFICULTY,REG_DATE,OPEN_STATUS) values (17,1,'카카오 시위',0.58,'marathon',300,'easy',to_date('22/09/01','RR/MM/DD'),'open');
Insert into JOADB.COURSE (COURSE_NO,USER_NO,TITLE,DISTANCE,COURSE_CATEGORY,COURSE_TIME,DIFFICULTY,REG_DATE,OPEN_STATUS) values (18,6,'벚꽃길 꿀코스',4.117,'walk',61,'easy',to_date('22/09/01','RR/MM/DD'),'open');
Insert into JOADB.COURSE (COURSE_NO,USER_NO,TITLE,DISTANCE,COURSE_CATEGORY,COURSE_TIME,DIFFICULTY,REG_DATE,OPEN_STATUS) values (19,4,'거제 산책',3.146,'walk',46,'easy',to_date('22/09/01','RR/MM/DD'),'open');
Insert into JOADB.COURSE (COURSE_NO,USER_NO,TITLE,DISTANCE,COURSE_CATEGORY,COURSE_TIME,DIFFICULTY,REG_DATE,OPEN_STATUS) values (20,5,'강남 부자냥이 코스',13.369,'jogging',99,'hard',to_date('22/09/01','RR/MM/DD'),'open');
Insert into JOADB.COURSE (COURSE_NO,USER_NO,TITLE,DISTANCE,COURSE_CATEGORY,COURSE_TIME,DIFFICULTY,REG_DATE,OPEN_STATUS) values (21,5,'경복궁 둘레길',2.686,'walk',40,'easy',to_date('22/09/01','RR/MM/DD'),'open');
Insert into JOADB.COURSE (COURSE_NO,USER_NO,TITLE,DISTANCE,COURSE_CATEGORY,COURSE_TIME,DIFFICULTY,REG_DATE,OPEN_STATUS) values (22,4,'따봉(엄지척)',5.329,'jogging',39,'normal',to_date('22/09/01','RR/MM/DD'),'open');
Insert into JOADB.COURSE (COURSE_NO,USER_NO,TITLE,DISTANCE,COURSE_CATEGORY,COURSE_TIME,DIFFICULTY,REG_DATE,OPEN_STATUS) values (23,4,'엄지척',4.727,'draw',30,'normal',to_date('22/09/01','RR/MM/DD'),'open');
Insert into JOADB.COURSE (COURSE_NO,USER_NO,TITLE,DISTANCE,COURSE_CATEGORY,COURSE_TIME,DIFFICULTY,REG_DATE,OPEN_STATUS) values (24,4,'물고기',7.532,'draw',120,'hard',to_date('22/09/01','RR/MM/DD'),'open');
Insert into JOADB.COURSE (COURSE_NO,USER_NO,TITLE,DISTANCE,COURSE_CATEGORY,COURSE_TIME,DIFFICULTY,REG_DATE,OPEN_STATUS) values (25,4,'요트',7.876,'draw',120,'hard',to_date('22/09/01','RR/MM/DD'),'open');
Insert into JOADB.COURSE (COURSE_NO,USER_NO,TITLE,DISTANCE,COURSE_CATEGORY,COURSE_TIME,DIFFICULTY,REG_DATE,OPEN_STATUS) values (26,4,'우산',3.236,'draw',5,'normal',to_date('22/09/01','RR/MM/DD'),'open');
Insert into JOADB.COURSE (COURSE_NO,USER_NO,TITLE,DISTANCE,COURSE_CATEGORY,COURSE_TIME,DIFFICULTY,REG_DATE,OPEN_STATUS) values (27,1,'제주대 투어!',3.652,'walk',180,'easy',to_date('22/09/01','RR/MM/DD'),'open');
Insert into JOADB.COURSE (COURSE_NO,USER_NO,TITLE,DISTANCE,COURSE_CATEGORY,COURSE_TIME,DIFFICULTY,REG_DATE,OPEN_STATUS) values (28,5,'한강 코스',76.154,'running',304,'hard',to_date('22/09/01','RR/MM/DD'),'open');
Insert into JOADB.COURSE (COURSE_NO,USER_NO,TITLE,DISTANCE,COURSE_CATEGORY,COURSE_TIME,DIFFICULTY,REG_DATE,OPEN_STATUS) values (29,5,'수성못 한바퀴',1.859,'walk',27,'easy',to_date('22/09/01','RR/MM/DD'),'open');
Insert into JOADB.COURSE (COURSE_NO,USER_NO,TITLE,DISTANCE,COURSE_CATEGORY,COURSE_TIME,DIFFICULTY,REG_DATE,OPEN_STATUS) values (30,2,'일산 호수공원 뛰기',5.679,'running',22,'normal',to_date('22/09/01','RR/MM/DD'),'open');
REM INSERTING into JOADB.EVENT
SET DEFINE OFF;
Insert into JOADB.EVENT (EVENT_NO,USER_NO,COURSE_NO,EVENT_TITLE,CONTENT,PLACE,JOIN_MAX,REG_START,REG_END,EVENT_START) values (2,4,19,'거제 본가 산책길','프로젝트 끝나고 홀수반들은 다 모여서 같이 산책해요~!!!','거제 고현 터미널',5,to_date('22/09/01','RR/MM/DD'),to_date('22/09/07','RR/MM/DD'),to_date('22/09/10','RR/MM/DD'));
Insert into JOADB.EVENT (EVENT_NO,USER_NO,COURSE_NO,EVENT_TITLE,CONTENT,PLACE,JOIN_MAX,REG_START,REG_END,EVENT_START) values (3,5,21,'경복궁 구경 같이 해','경복궁 구경하고 같이 점심 먹어요^^
<br>
<br>드레스 코스 : 한복 입고 오세요~','경복궁역',5,to_date('22/09/01','RR/MM/DD'),to_date('22/09/04','RR/MM/DD'),to_date('22/09/04','RR/MM/DD'));
Insert into JOADB.EVENT (EVENT_NO,USER_NO,COURSE_NO,EVENT_TITLE,CONTENT,PLACE,JOIN_MAX,REG_START,REG_END,EVENT_START) values (4,5,28,'한강 가취가욥','프로 러너분들만 오세요 
<br>죽을때까지 뛸겁니다','암사역',15,to_date('22/09/01','RR/MM/DD'),to_date('22/09/02','RR/MM/DD'),to_date('22/09/04','RR/MM/DD'));
Insert into JOADB.EVENT (EVENT_NO,USER_NO,COURSE_NO,EVENT_TITLE,CONTENT,PLACE,JOIN_MAX,REG_START,REG_END,EVENT_START) values (5,5,29,'수성못 가실분','점심 먹고 수성못 돌고 시간되면 이랜드 갑시다','수성못역',3,to_date('22/09/12','RR/MM/DD'),to_date('22/09/16','RR/MM/DD'),to_date('22/09/17','RR/MM/DD'));
Insert into JOADB.EVENT (EVENT_NO,USER_NO,COURSE_NO,EVENT_TITLE,CONTENT,PLACE,JOIN_MAX,REG_START,REG_END,EVENT_START) values (6,2,30,'일산 호수공원 함께해요!','함께해요!','일산',5,to_date('22/09/02','RR/MM/DD'),to_date('22/09/09','RR/MM/DD'),to_date('22/09/10','RR/MM/DD'));
REM INSERTING into JOADB.EVENT_COMMENT
SET DEFINE OFF;
Insert into JOADB.EVENT_COMMENT (E_COMMENT_NO,EVENT_NO,USER_NO,MENTION_USER,CONTENT,REG_DATE) values (3,2,1,null,'서울 사는데 거제까지 가는길은 얼마나 걸리나요???',to_date('22/09/01','RR/MM/DD'));
Insert into JOADB.EVENT_COMMENT (E_COMMENT_NO,EVENT_NO,USER_NO,MENTION_USER,CONTENT,REG_DATE) values (4,2,5,null,'너무멀어요 >_<',to_date('22/09/01','RR/MM/DD'));
Insert into JOADB.EVENT_COMMENT (E_COMMENT_NO,EVENT_NO,USER_NO,MENTION_USER,CONTENT,REG_DATE) values (5,2,4,1,'그건 각자 나름이라서요~',to_date('22/09/01','RR/MM/DD'));
Insert into JOADB.EVENT_COMMENT (E_COMMENT_NO,EVENT_NO,USER_NO,MENTION_USER,CONTENT,REG_DATE) values (6,2,1,4,'날아가면 금방이겠네요~',to_date('22/09/01','RR/MM/DD'));
Insert into JOADB.EVENT_COMMENT (E_COMMENT_NO,EVENT_NO,USER_NO,MENTION_USER,CONTENT,REG_DATE) values (7,3,3,null,'저희 무슨 한국 전통 시위 하는건가요? ㅋㅋㅋㅋㅋㅋㅋㅋㅋㅋㅋㅋㅋ',to_date('22/09/01','RR/MM/DD'));
Insert into JOADB.EVENT_COMMENT (E_COMMENT_NO,EVENT_NO,USER_NO,MENTION_USER,CONTENT,REG_DATE) values (8,3,5,3,'구경이라구요 ㅜㅠ',to_date('22/09/01','RR/MM/DD'));
Insert into JOADB.EVENT_COMMENT (E_COMMENT_NO,EVENT_NO,USER_NO,MENTION_USER,CONTENT,REG_DATE) values (9,3,2,null,'저 너무 가고싶어요ㅜㅜ',to_date('22/09/01','RR/MM/DD'));
Insert into JOADB.EVENT_COMMENT (E_COMMENT_NO,EVENT_NO,USER_NO,MENTION_USER,CONTENT,REG_DATE) values (10,6,5,null,'조아요!!',to_date('22/09/01','RR/MM/DD'));
REM INSERTING into JOADB.EVENT_JOINED
SET DEFINE OFF;
Insert into JOADB.EVENT_JOINED (USER_NO,EVENT_NO) values (4,2);
Insert into JOADB.EVENT_JOINED (USER_NO,EVENT_NO) values (3,3);
Insert into JOADB.EVENT_JOINED (USER_NO,EVENT_NO) values (5,2);
Insert into JOADB.EVENT_JOINED (USER_NO,EVENT_NO) values (5,3);
Insert into JOADB.EVENT_JOINED (USER_NO,EVENT_NO) values (5,4);
Insert into JOADB.EVENT_JOINED (USER_NO,EVENT_NO) values (4,3);
Insert into JOADB.EVENT_JOINED (USER_NO,EVENT_NO) values (5,5);
Insert into JOADB.EVENT_JOINED (USER_NO,EVENT_NO) values (2,6);
Insert into JOADB.EVENT_JOINED (USER_NO,EVENT_NO) values (5,6);
Insert into JOADB.EVENT_JOINED (USER_NO,EVENT_NO) values (1,2);
REM INSERTING into JOADB.EVENT_TAGGED
SET DEFINE OFF;
Insert into JOADB.EVENT_TAGGED (USER_NO,EVENT_NO) values (4,2);
Insert into JOADB.EVENT_TAGGED (USER_NO,EVENT_NO) values (2,3);
Insert into JOADB.EVENT_TAGGED (USER_NO,EVENT_NO) values (5,2);
Insert into JOADB.EVENT_TAGGED (USER_NO,EVENT_NO) values (1,4);
REM INSERTING into JOADB.FAVORITE_CATEGORY
SET DEFINE OFF;
Insert into JOADB.FAVORITE_CATEGORY (CATE_NO,USER_NO,CATE_NAME) values (1,1,'코스 탐방');
Insert into JOADB.FAVORITE_CATEGORY (CATE_NO,USER_NO,CATE_NAME) values (2,2,'쭌이와 함께하는 산책');
Insert into JOADB.FAVORITE_CATEGORY (CATE_NO,USER_NO,CATE_NAME) values (3,5,'집근처 코스');
Insert into JOADB.FAVORITE_CATEGORY (CATE_NO,USER_NO,CATE_NAME) values (5,2,'나중에');
Insert into JOADB.FAVORITE_CATEGORY (CATE_NO,USER_NO,CATE_NAME) values (6,4,'거제');
Insert into JOADB.FAVORITE_CATEGORY (CATE_NO,USER_NO,CATE_NAME) values (7,3,'내 즐겨찾기');
Insert into JOADB.FAVORITE_CATEGORY (CATE_NO,USER_NO,CATE_NAME) values (8,3,'서울 산책 투어');
Insert into JOADB.FAVORITE_CATEGORY (CATE_NO,USER_NO,CATE_NAME) values (9,3,'내 그림그리기 코스들');
REM INSERTING into JOADB.FAVORITE_COURSE
SET DEFINE OFF;
Insert into JOADB.FAVORITE_COURSE (COURSE_NO,CATE_NO,FAV_DATE) values (10,2,to_date('22/09/01','RR/MM/DD'));
Insert into JOADB.FAVORITE_COURSE (COURSE_NO,CATE_NO,FAV_DATE) values (20,3,to_date('22/09/01','RR/MM/DD'));
Insert into JOADB.FAVORITE_COURSE (COURSE_NO,CATE_NO,FAV_DATE) values (3,3,to_date('22/09/01','RR/MM/DD'));
Insert into JOADB.FAVORITE_COURSE (COURSE_NO,CATE_NO,FAV_DATE) values (8,3,to_date('22/09/01','RR/MM/DD'));
Insert into JOADB.FAVORITE_COURSE (COURSE_NO,CATE_NO,FAV_DATE) values (5,2,to_date('22/09/01','RR/MM/DD'));
Insert into JOADB.FAVORITE_COURSE (COURSE_NO,CATE_NO,FAV_DATE) values (7,3,to_date('22/09/01','RR/MM/DD'));
Insert into JOADB.FAVORITE_COURSE (COURSE_NO,CATE_NO,FAV_DATE) values (15,1,to_date('22/09/01','RR/MM/DD'));
Insert into JOADB.FAVORITE_COURSE (COURSE_NO,CATE_NO,FAV_DATE) values (20,1,to_date('22/09/01','RR/MM/DD'));
Insert into JOADB.FAVORITE_COURSE (COURSE_NO,CATE_NO,FAV_DATE) values (5,1,to_date('22/09/01','RR/MM/DD'));
Insert into JOADB.FAVORITE_COURSE (COURSE_NO,CATE_NO,FAV_DATE) values (2,1,to_date('22/09/01','RR/MM/DD'));
Insert into JOADB.FAVORITE_COURSE (COURSE_NO,CATE_NO,FAV_DATE) values (26,6,to_date('22/09/02','RR/MM/DD'));
Insert into JOADB.FAVORITE_COURSE (COURSE_NO,CATE_NO,FAV_DATE) values (25,6,to_date('22/09/02','RR/MM/DD'));
Insert into JOADB.FAVORITE_COURSE (COURSE_NO,CATE_NO,FAV_DATE) values (24,6,to_date('22/09/02','RR/MM/DD'));
Insert into JOADB.FAVORITE_COURSE (COURSE_NO,CATE_NO,FAV_DATE) values (23,6,to_date('22/09/02','RR/MM/DD'));
Insert into JOADB.FAVORITE_COURSE (COURSE_NO,CATE_NO,FAV_DATE) values (19,6,to_date('22/09/02','RR/MM/DD'));
Insert into JOADB.FAVORITE_COURSE (COURSE_NO,CATE_NO,FAV_DATE) values (11,1,to_date('22/09/05','RR/MM/DD'));
Insert into JOADB.FAVORITE_COURSE (COURSE_NO,CATE_NO,FAV_DATE) values (20,9,to_date('22/09/06','RR/MM/DD'));
Insert into JOADB.FAVORITE_COURSE (COURSE_NO,CATE_NO,FAV_DATE) values (23,9,to_date('22/09/06','RR/MM/DD'));
Insert into JOADB.FAVORITE_COURSE (COURSE_NO,CATE_NO,FAV_DATE) values (24,9,to_date('22/09/06','RR/MM/DD'));
Insert into JOADB.FAVORITE_COURSE (COURSE_NO,CATE_NO,FAV_DATE) values (25,9,to_date('22/09/06','RR/MM/DD'));
Insert into JOADB.FAVORITE_COURSE (COURSE_NO,CATE_NO,FAV_DATE) values (26,9,to_date('22/09/06','RR/MM/DD'));
REM INSERTING into JOADB.LIKED_COURSE
SET DEFINE OFF;
Insert into JOADB.LIKED_COURSE (USER_NO,COURSE_NO,LIKE_DATE) values (6,5,to_date('22/09/01','RR/MM/DD'));
Insert into JOADB.LIKED_COURSE (USER_NO,COURSE_NO,LIKE_DATE) values (4,4,to_date('22/09/01','RR/MM/DD'));
Insert into JOADB.LIKED_COURSE (USER_NO,COURSE_NO,LIKE_DATE) values (2,5,to_date('22/09/01','RR/MM/DD'));
Insert into JOADB.LIKED_COURSE (USER_NO,COURSE_NO,LIKE_DATE) values (2,13,to_date('22/09/01','RR/MM/DD'));
Insert into JOADB.LIKED_COURSE (USER_NO,COURSE_NO,LIKE_DATE) values (4,15,to_date('22/09/01','RR/MM/DD'));
Insert into JOADB.LIKED_COURSE (USER_NO,COURSE_NO,LIKE_DATE) values (2,10,to_date('22/09/01','RR/MM/DD'));
Insert into JOADB.LIKED_COURSE (USER_NO,COURSE_NO,LIKE_DATE) values (4,14,to_date('22/09/01','RR/MM/DD'));
Insert into JOADB.LIKED_COURSE (USER_NO,COURSE_NO,LIKE_DATE) values (6,13,to_date('22/09/01','RR/MM/DD'));
Insert into JOADB.LIKED_COURSE (USER_NO,COURSE_NO,LIKE_DATE) values (7,5,to_date('22/09/01','RR/MM/DD'));
Insert into JOADB.LIKED_COURSE (USER_NO,COURSE_NO,LIKE_DATE) values (5,10,to_date('22/09/01','RR/MM/DD'));
Insert into JOADB.LIKED_COURSE (USER_NO,COURSE_NO,LIKE_DATE) values (5,5,to_date('22/09/01','RR/MM/DD'));
Insert into JOADB.LIKED_COURSE (USER_NO,COURSE_NO,LIKE_DATE) values (5,11,to_date('22/09/01','RR/MM/DD'));
Insert into JOADB.LIKED_COURSE (USER_NO,COURSE_NO,LIKE_DATE) values (3,5,to_date('22/09/01','RR/MM/DD'));
Insert into JOADB.LIKED_COURSE (USER_NO,COURSE_NO,LIKE_DATE) values (5,20,to_date('22/09/01','RR/MM/DD'));
Insert into JOADB.LIKED_COURSE (USER_NO,COURSE_NO,LIKE_DATE) values (3,20,to_date('22/09/01','RR/MM/DD'));
Insert into JOADB.LIKED_COURSE (USER_NO,COURSE_NO,LIKE_DATE) values (3,21,to_date('22/09/01','RR/MM/DD'));
Insert into JOADB.LIKED_COURSE (USER_NO,COURSE_NO,LIKE_DATE) values (3,15,to_date('22/09/01','RR/MM/DD'));
Insert into JOADB.LIKED_COURSE (USER_NO,COURSE_NO,LIKE_DATE) values (1,5,to_date('22/09/01','RR/MM/DD'));
Insert into JOADB.LIKED_COURSE (USER_NO,COURSE_NO,LIKE_DATE) values (3,3,to_date('22/09/01','RR/MM/DD'));
Insert into JOADB.LIKED_COURSE (USER_NO,COURSE_NO,LIKE_DATE) values (3,19,to_date('22/09/01','RR/MM/DD'));
Insert into JOADB.LIKED_COURSE (USER_NO,COURSE_NO,LIKE_DATE) values (3,8,to_date('22/09/01','RR/MM/DD'));
Insert into JOADB.LIKED_COURSE (USER_NO,COURSE_NO,LIKE_DATE) values (3,17,to_date('22/09/01','RR/MM/DD'));
Insert into JOADB.LIKED_COURSE (USER_NO,COURSE_NO,LIKE_DATE) values (7,20,to_date('22/09/01','RR/MM/DD'));
Insert into JOADB.LIKED_COURSE (USER_NO,COURSE_NO,LIKE_DATE) values (1,5,to_date('22/09/01','RR/MM/DD'));
Insert into JOADB.LIKED_COURSE (USER_NO,COURSE_NO,LIKE_DATE) values (1,5,to_date('22/09/01','RR/MM/DD'));
Insert into JOADB.LIKED_COURSE (USER_NO,COURSE_NO,LIKE_DATE) values (1,5,to_date('22/09/01','RR/MM/DD'));
Insert into JOADB.LIKED_COURSE (USER_NO,COURSE_NO,LIKE_DATE) values (1,5,to_date('22/09/01','RR/MM/DD'));
Insert into JOADB.LIKED_COURSE (USER_NO,COURSE_NO,LIKE_DATE) values (1,5,to_date('22/09/01','RR/MM/DD'));
Insert into JOADB.LIKED_COURSE (USER_NO,COURSE_NO,LIKE_DATE) values (1,5,to_date('22/09/01','RR/MM/DD'));
Insert into JOADB.LIKED_COURSE (USER_NO,COURSE_NO,LIKE_DATE) values (1,5,to_date('22/09/01','RR/MM/DD'));
Insert into JOADB.LIKED_COURSE (USER_NO,COURSE_NO,LIKE_DATE) values (1,5,to_date('22/09/01','RR/MM/DD'));
Insert into JOADB.LIKED_COURSE (USER_NO,COURSE_NO,LIKE_DATE) values (1,5,to_date('22/09/01','RR/MM/DD'));
Insert into JOADB.LIKED_COURSE (USER_NO,COURSE_NO,LIKE_DATE) values (1,5,to_date('22/09/01','RR/MM/DD'));
Insert into JOADB.LIKED_COURSE (USER_NO,COURSE_NO,LIKE_DATE) values (1,5,to_date('22/09/01','RR/MM/DD'));
Insert into JOADB.LIKED_COURSE (USER_NO,COURSE_NO,LIKE_DATE) values (1,5,to_date('22/09/01','RR/MM/DD'));
Insert into JOADB.LIKED_COURSE (USER_NO,COURSE_NO,LIKE_DATE) values (1,5,to_date('22/09/01','RR/MM/DD'));
Insert into JOADB.LIKED_COURSE (USER_NO,COURSE_NO,LIKE_DATE) values (1,5,to_date('22/09/01','RR/MM/DD'));
Insert into JOADB.LIKED_COURSE (USER_NO,COURSE_NO,LIKE_DATE) values (1,5,to_date('22/09/01','RR/MM/DD'));
Insert into JOADB.LIKED_COURSE (USER_NO,COURSE_NO,LIKE_DATE) values (1,5,to_date('22/09/01','RR/MM/DD'));
Insert into JOADB.LIKED_COURSE (USER_NO,COURSE_NO,LIKE_DATE) values (1,5,to_date('22/09/01','RR/MM/DD'));
Insert into JOADB.LIKED_COURSE (USER_NO,COURSE_NO,LIKE_DATE) values (1,5,to_date('22/09/01','RR/MM/DD'));
Insert into JOADB.LIKED_COURSE (USER_NO,COURSE_NO,LIKE_DATE) values (1,5,to_date('22/09/01','RR/MM/DD'));
Insert into JOADB.LIKED_COURSE (USER_NO,COURSE_NO,LIKE_DATE) values (1,5,to_date('22/09/01','RR/MM/DD'));
Insert into JOADB.LIKED_COURSE (USER_NO,COURSE_NO,LIKE_DATE) values (1,5,to_date('22/09/01','RR/MM/DD'));
Insert into JOADB.LIKED_COURSE (USER_NO,COURSE_NO,LIKE_DATE) values (1,5,to_date('22/09/01','RR/MM/DD'));
Insert into JOADB.LIKED_COURSE (USER_NO,COURSE_NO,LIKE_DATE) values (1,5,to_date('22/09/01','RR/MM/DD'));
Insert into JOADB.LIKED_COURSE (USER_NO,COURSE_NO,LIKE_DATE) values (1,5,to_date('22/09/01','RR/MM/DD'));
Insert into JOADB.LIKED_COURSE (USER_NO,COURSE_NO,LIKE_DATE) values (1,5,to_date('22/09/01','RR/MM/DD'));
Insert into JOADB.LIKED_COURSE (USER_NO,COURSE_NO,LIKE_DATE) values (1,5,to_date('22/09/01','RR/MM/DD'));
Insert into JOADB.LIKED_COURSE (USER_NO,COURSE_NO,LIKE_DATE) values (1,5,to_date('22/09/01','RR/MM/DD'));
Insert into JOADB.LIKED_COURSE (USER_NO,COURSE_NO,LIKE_DATE) values (5,8,to_date('22/09/01','RR/MM/DD'));
Insert into JOADB.LIKED_COURSE (USER_NO,COURSE_NO,LIKE_DATE) values (1,20,to_date('22/09/01','RR/MM/DD'));
Insert into JOADB.LIKED_COURSE (USER_NO,COURSE_NO,LIKE_DATE) values (1,20,to_date('22/09/01','RR/MM/DD'));
Insert into JOADB.LIKED_COURSE (USER_NO,COURSE_NO,LIKE_DATE) values (1,20,to_date('22/09/01','RR/MM/DD'));
Insert into JOADB.LIKED_COURSE (USER_NO,COURSE_NO,LIKE_DATE) values (1,20,to_date('22/09/01','RR/MM/DD'));
Insert into JOADB.LIKED_COURSE (USER_NO,COURSE_NO,LIKE_DATE) values (1,20,to_date('22/09/01','RR/MM/DD'));
Insert into JOADB.LIKED_COURSE (USER_NO,COURSE_NO,LIKE_DATE) values (1,20,to_date('22/09/01','RR/MM/DD'));
Insert into JOADB.LIKED_COURSE (USER_NO,COURSE_NO,LIKE_DATE) values (1,20,to_date('22/09/01','RR/MM/DD'));
Insert into JOADB.LIKED_COURSE (USER_NO,COURSE_NO,LIKE_DATE) values (1,20,to_date('22/09/01','RR/MM/DD'));
Insert into JOADB.LIKED_COURSE (USER_NO,COURSE_NO,LIKE_DATE) values (1,20,to_date('22/09/01','RR/MM/DD'));
Insert into JOADB.LIKED_COURSE (USER_NO,COURSE_NO,LIKE_DATE) values (1,20,to_date('22/09/01','RR/MM/DD'));
Insert into JOADB.LIKED_COURSE (USER_NO,COURSE_NO,LIKE_DATE) values (1,20,to_date('22/09/01','RR/MM/DD'));
Insert into JOADB.LIKED_COURSE (USER_NO,COURSE_NO,LIKE_DATE) values (1,20,to_date('22/09/01','RR/MM/DD'));
Insert into JOADB.LIKED_COURSE (USER_NO,COURSE_NO,LIKE_DATE) values (1,20,to_date('22/09/01','RR/MM/DD'));
Insert into JOADB.LIKED_COURSE (USER_NO,COURSE_NO,LIKE_DATE) values (1,20,to_date('22/09/01','RR/MM/DD'));
Insert into JOADB.LIKED_COURSE (USER_NO,COURSE_NO,LIKE_DATE) values (1,20,to_date('22/09/01','RR/MM/DD'));
Insert into JOADB.LIKED_COURSE (USER_NO,COURSE_NO,LIKE_DATE) values (1,20,to_date('22/09/01','RR/MM/DD'));
Insert into JOADB.LIKED_COURSE (USER_NO,COURSE_NO,LIKE_DATE) values (1,20,to_date('22/09/01','RR/MM/DD'));
Insert into JOADB.LIKED_COURSE (USER_NO,COURSE_NO,LIKE_DATE) values (1,20,to_date('22/09/01','RR/MM/DD'));
Insert into JOADB.LIKED_COURSE (USER_NO,COURSE_NO,LIKE_DATE) values (1,20,to_date('22/09/01','RR/MM/DD'));
Insert into JOADB.LIKED_COURSE (USER_NO,COURSE_NO,LIKE_DATE) values (1,20,to_date('22/09/01','RR/MM/DD'));
Insert into JOADB.LIKED_COURSE (USER_NO,COURSE_NO,LIKE_DATE) values (1,20,to_date('22/09/01','RR/MM/DD'));
Insert into JOADB.LIKED_COURSE (USER_NO,COURSE_NO,LIKE_DATE) values (1,20,to_date('22/09/01','RR/MM/DD'));
Insert into JOADB.LIKED_COURSE (USER_NO,COURSE_NO,LIKE_DATE) values (1,20,to_date('22/09/01','RR/MM/DD'));
Insert into JOADB.LIKED_COURSE (USER_NO,COURSE_NO,LIKE_DATE) values (1,20,to_date('22/09/01','RR/MM/DD'));
Insert into JOADB.LIKED_COURSE (USER_NO,COURSE_NO,LIKE_DATE) values (1,20,to_date('22/09/01','RR/MM/DD'));
Insert into JOADB.LIKED_COURSE (USER_NO,COURSE_NO,LIKE_DATE) values (1,20,to_date('22/09/01','RR/MM/DD'));
Insert into JOADB.LIKED_COURSE (USER_NO,COURSE_NO,LIKE_DATE) values (1,20,to_date('22/09/01','RR/MM/DD'));
Insert into JOADB.LIKED_COURSE (USER_NO,COURSE_NO,LIKE_DATE) values (1,20,to_date('22/09/01','RR/MM/DD'));
Insert into JOADB.LIKED_COURSE (USER_NO,COURSE_NO,LIKE_DATE) values (1,20,to_date('22/09/01','RR/MM/DD'));
Insert into JOADB.LIKED_COURSE (USER_NO,COURSE_NO,LIKE_DATE) values (1,20,to_date('22/09/01','RR/MM/DD'));
Insert into JOADB.LIKED_COURSE (USER_NO,COURSE_NO,LIKE_DATE) values (1,20,to_date('22/09/01','RR/MM/DD'));
Insert into JOADB.LIKED_COURSE (USER_NO,COURSE_NO,LIKE_DATE) values (1,20,to_date('22/09/01','RR/MM/DD'));
Insert into JOADB.LIKED_COURSE (USER_NO,COURSE_NO,LIKE_DATE) values (1,20,to_date('22/09/01','RR/MM/DD'));
Insert into JOADB.LIKED_COURSE (USER_NO,COURSE_NO,LIKE_DATE) values (1,20,to_date('22/09/01','RR/MM/DD'));
Insert into JOADB.LIKED_COURSE (USER_NO,COURSE_NO,LIKE_DATE) values (1,20,to_date('22/09/01','RR/MM/DD'));
Insert into JOADB.LIKED_COURSE (USER_NO,COURSE_NO,LIKE_DATE) values (1,20,to_date('22/09/01','RR/MM/DD'));
Insert into JOADB.LIKED_COURSE (USER_NO,COURSE_NO,LIKE_DATE) values (1,20,to_date('22/09/01','RR/MM/DD'));
Insert into JOADB.LIKED_COURSE (USER_NO,COURSE_NO,LIKE_DATE) values (1,20,to_date('22/09/01','RR/MM/DD'));
Insert into JOADB.LIKED_COURSE (USER_NO,COURSE_NO,LIKE_DATE) values (1,20,to_date('22/09/01','RR/MM/DD'));
Insert into JOADB.LIKED_COURSE (USER_NO,COURSE_NO,LIKE_DATE) values (1,20,to_date('22/09/01','RR/MM/DD'));
Insert into JOADB.LIKED_COURSE (USER_NO,COURSE_NO,LIKE_DATE) values (1,20,to_date('22/09/01','RR/MM/DD'));
Insert into JOADB.LIKED_COURSE (USER_NO,COURSE_NO,LIKE_DATE) values (1,20,to_date('22/09/01','RR/MM/DD'));
Insert into JOADB.LIKED_COURSE (USER_NO,COURSE_NO,LIKE_DATE) values (1,20,to_date('22/09/01','RR/MM/DD'));
Insert into JOADB.LIKED_COURSE (USER_NO,COURSE_NO,LIKE_DATE) values (1,20,to_date('22/09/01','RR/MM/DD'));
Insert into JOADB.LIKED_COURSE (USER_NO,COURSE_NO,LIKE_DATE) values (1,20,to_date('22/09/01','RR/MM/DD'));
Insert into JOADB.LIKED_COURSE (USER_NO,COURSE_NO,LIKE_DATE) values (1,20,to_date('22/09/01','RR/MM/DD'));
Insert into JOADB.LIKED_COURSE (USER_NO,COURSE_NO,LIKE_DATE) values (1,20,to_date('22/09/01','RR/MM/DD'));
Insert into JOADB.LIKED_COURSE (USER_NO,COURSE_NO,LIKE_DATE) values (1,20,to_date('22/09/01','RR/MM/DD'));
Insert into JOADB.LIKED_COURSE (USER_NO,COURSE_NO,LIKE_DATE) values (1,20,to_date('22/09/01','RR/MM/DD'));
Insert into JOADB.LIKED_COURSE (USER_NO,COURSE_NO,LIKE_DATE) values (1,20,to_date('22/09/01','RR/MM/DD'));
Insert into JOADB.LIKED_COURSE (USER_NO,COURSE_NO,LIKE_DATE) values (1,20,to_date('22/09/01','RR/MM/DD'));
Insert into JOADB.LIKED_COURSE (USER_NO,COURSE_NO,LIKE_DATE) values (1,20,to_date('22/09/01','RR/MM/DD'));
Insert into JOADB.LIKED_COURSE (USER_NO,COURSE_NO,LIKE_DATE) values (1,20,to_date('22/09/01','RR/MM/DD'));
Insert into JOADB.LIKED_COURSE (USER_NO,COURSE_NO,LIKE_DATE) values (1,20,to_date('22/09/01','RR/MM/DD'));
Insert into JOADB.LIKED_COURSE (USER_NO,COURSE_NO,LIKE_DATE) values (1,20,to_date('22/09/01','RR/MM/DD'));
Insert into JOADB.LIKED_COURSE (USER_NO,COURSE_NO,LIKE_DATE) values (1,20,to_date('22/09/01','RR/MM/DD'));
Insert into JOADB.LIKED_COURSE (USER_NO,COURSE_NO,LIKE_DATE) values (1,20,to_date('22/09/01','RR/MM/DD'));
Insert into JOADB.LIKED_COURSE (USER_NO,COURSE_NO,LIKE_DATE) values (1,20,to_date('22/09/01','RR/MM/DD'));
Insert into JOADB.LIKED_COURSE (USER_NO,COURSE_NO,LIKE_DATE) values (1,20,to_date('22/09/01','RR/MM/DD'));
Insert into JOADB.LIKED_COURSE (USER_NO,COURSE_NO,LIKE_DATE) values (1,20,to_date('22/09/01','RR/MM/DD'));
Insert into JOADB.LIKED_COURSE (USER_NO,COURSE_NO,LIKE_DATE) values (1,20,to_date('22/09/01','RR/MM/DD'));
Insert into JOADB.LIKED_COURSE (USER_NO,COURSE_NO,LIKE_DATE) values (1,20,to_date('22/09/01','RR/MM/DD'));
Insert into JOADB.LIKED_COURSE (USER_NO,COURSE_NO,LIKE_DATE) values (1,20,to_date('22/09/01','RR/MM/DD'));
Insert into JOADB.LIKED_COURSE (USER_NO,COURSE_NO,LIKE_DATE) values (1,20,to_date('22/09/01','RR/MM/DD'));
Insert into JOADB.LIKED_COURSE (USER_NO,COURSE_NO,LIKE_DATE) values (1,20,to_date('22/09/01','RR/MM/DD'));
Insert into JOADB.LIKED_COURSE (USER_NO,COURSE_NO,LIKE_DATE) values (1,15,to_date('22/09/01','RR/MM/DD'));
Insert into JOADB.LIKED_COURSE (USER_NO,COURSE_NO,LIKE_DATE) values (1,15,to_date('22/09/01','RR/MM/DD'));
Insert into JOADB.LIKED_COURSE (USER_NO,COURSE_NO,LIKE_DATE) values (1,15,to_date('22/09/01','RR/MM/DD'));
Insert into JOADB.LIKED_COURSE (USER_NO,COURSE_NO,LIKE_DATE) values (1,15,to_date('22/09/01','RR/MM/DD'));
Insert into JOADB.LIKED_COURSE (USER_NO,COURSE_NO,LIKE_DATE) values (1,15,to_date('22/09/01','RR/MM/DD'));
Insert into JOADB.LIKED_COURSE (USER_NO,COURSE_NO,LIKE_DATE) values (1,15,to_date('22/09/01','RR/MM/DD'));
Insert into JOADB.LIKED_COURSE (USER_NO,COURSE_NO,LIKE_DATE) values (1,15,to_date('22/09/01','RR/MM/DD'));
Insert into JOADB.LIKED_COURSE (USER_NO,COURSE_NO,LIKE_DATE) values (1,15,to_date('22/09/01','RR/MM/DD'));
Insert into JOADB.LIKED_COURSE (USER_NO,COURSE_NO,LIKE_DATE) values (1,15,to_date('22/09/01','RR/MM/DD'));
Insert into JOADB.LIKED_COURSE (USER_NO,COURSE_NO,LIKE_DATE) values (1,15,to_date('22/09/01','RR/MM/DD'));
Insert into JOADB.LIKED_COURSE (USER_NO,COURSE_NO,LIKE_DATE) values (1,15,to_date('22/09/01','RR/MM/DD'));
Insert into JOADB.LIKED_COURSE (USER_NO,COURSE_NO,LIKE_DATE) values (1,15,to_date('22/09/01','RR/MM/DD'));
Insert into JOADB.LIKED_COURSE (USER_NO,COURSE_NO,LIKE_DATE) values (1,15,to_date('22/09/01','RR/MM/DD'));
Insert into JOADB.LIKED_COURSE (USER_NO,COURSE_NO,LIKE_DATE) values (1,15,to_date('22/09/01','RR/MM/DD'));
Insert into JOADB.LIKED_COURSE (USER_NO,COURSE_NO,LIKE_DATE) values (1,15,to_date('22/09/01','RR/MM/DD'));
Insert into JOADB.LIKED_COURSE (USER_NO,COURSE_NO,LIKE_DATE) values (1,15,to_date('22/09/01','RR/MM/DD'));
Insert into JOADB.LIKED_COURSE (USER_NO,COURSE_NO,LIKE_DATE) values (1,15,to_date('22/09/01','RR/MM/DD'));
Insert into JOADB.LIKED_COURSE (USER_NO,COURSE_NO,LIKE_DATE) values (1,15,to_date('22/09/01','RR/MM/DD'));
Insert into JOADB.LIKED_COURSE (USER_NO,COURSE_NO,LIKE_DATE) values (1,15,to_date('22/09/01','RR/MM/DD'));
Insert into JOADB.LIKED_COURSE (USER_NO,COURSE_NO,LIKE_DATE) values (1,15,to_date('22/09/01','RR/MM/DD'));
Insert into JOADB.LIKED_COURSE (USER_NO,COURSE_NO,LIKE_DATE) values (1,15,to_date('22/09/01','RR/MM/DD'));
Insert into JOADB.LIKED_COURSE (USER_NO,COURSE_NO,LIKE_DATE) values (1,15,to_date('22/09/01','RR/MM/DD'));
Insert into JOADB.LIKED_COURSE (USER_NO,COURSE_NO,LIKE_DATE) values (1,15,to_date('22/09/01','RR/MM/DD'));
Insert into JOADB.LIKED_COURSE (USER_NO,COURSE_NO,LIKE_DATE) values (5,17,to_date('22/09/01','RR/MM/DD'));
Insert into JOADB.LIKED_COURSE (USER_NO,COURSE_NO,LIKE_DATE) values (1,15,to_date('22/09/01','RR/MM/DD'));
Insert into JOADB.LIKED_COURSE (USER_NO,COURSE_NO,LIKE_DATE) values (1,15,to_date('22/09/01','RR/MM/DD'));
Insert into JOADB.LIKED_COURSE (USER_NO,COURSE_NO,LIKE_DATE) values (1,15,to_date('22/09/01','RR/MM/DD'));
Insert into JOADB.LIKED_COURSE (USER_NO,COURSE_NO,LIKE_DATE) values (1,15,to_date('22/09/01','RR/MM/DD'));
Insert into JOADB.LIKED_COURSE (USER_NO,COURSE_NO,LIKE_DATE) values (1,15,to_date('22/09/01','RR/MM/DD'));
Insert into JOADB.LIKED_COURSE (USER_NO,COURSE_NO,LIKE_DATE) values (1,15,to_date('22/09/01','RR/MM/DD'));
Insert into JOADB.LIKED_COURSE (USER_NO,COURSE_NO,LIKE_DATE) values (1,15,to_date('22/09/01','RR/MM/DD'));
Insert into JOADB.LIKED_COURSE (USER_NO,COURSE_NO,LIKE_DATE) values (1,15,to_date('22/09/01','RR/MM/DD'));
Insert into JOADB.LIKED_COURSE (USER_NO,COURSE_NO,LIKE_DATE) values (1,15,to_date('22/09/01','RR/MM/DD'));
Insert into JOADB.LIKED_COURSE (USER_NO,COURSE_NO,LIKE_DATE) values (1,15,to_date('22/09/01','RR/MM/DD'));
Insert into JOADB.LIKED_COURSE (USER_NO,COURSE_NO,LIKE_DATE) values (1,15,to_date('22/09/01','RR/MM/DD'));
Insert into JOADB.LIKED_COURSE (USER_NO,COURSE_NO,LIKE_DATE) values (1,15,to_date('22/09/01','RR/MM/DD'));
Insert into JOADB.LIKED_COURSE (USER_NO,COURSE_NO,LIKE_DATE) values (1,15,to_date('22/09/01','RR/MM/DD'));
Insert into JOADB.LIKED_COURSE (USER_NO,COURSE_NO,LIKE_DATE) values (1,15,to_date('22/09/01','RR/MM/DD'));
Insert into JOADB.LIKED_COURSE (USER_NO,COURSE_NO,LIKE_DATE) values (1,15,to_date('22/09/01','RR/MM/DD'));
Insert into JOADB.LIKED_COURSE (USER_NO,COURSE_NO,LIKE_DATE) values (1,15,to_date('22/09/01','RR/MM/DD'));
Insert into JOADB.LIKED_COURSE (USER_NO,COURSE_NO,LIKE_DATE) values (1,15,to_date('22/09/01','RR/MM/DD'));
Insert into JOADB.LIKED_COURSE (USER_NO,COURSE_NO,LIKE_DATE) values (1,15,to_date('22/09/01','RR/MM/DD'));
Insert into JOADB.LIKED_COURSE (USER_NO,COURSE_NO,LIKE_DATE) values (1,15,to_date('22/09/01','RR/MM/DD'));
Insert into JOADB.LIKED_COURSE (USER_NO,COURSE_NO,LIKE_DATE) values (1,15,to_date('22/09/01','RR/MM/DD'));
Insert into JOADB.LIKED_COURSE (USER_NO,COURSE_NO,LIKE_DATE) values (1,15,to_date('22/09/01','RR/MM/DD'));
Insert into JOADB.LIKED_COURSE (USER_NO,COURSE_NO,LIKE_DATE) values (1,15,to_date('22/09/01','RR/MM/DD'));
Insert into JOADB.LIKED_COURSE (USER_NO,COURSE_NO,LIKE_DATE) values (1,15,to_date('22/09/01','RR/MM/DD'));
Insert into JOADB.LIKED_COURSE (USER_NO,COURSE_NO,LIKE_DATE) values (1,15,to_date('22/09/01','RR/MM/DD'));
Insert into JOADB.LIKED_COURSE (USER_NO,COURSE_NO,LIKE_DATE) values (1,15,to_date('22/09/01','RR/MM/DD'));
Insert into JOADB.LIKED_COURSE (USER_NO,COURSE_NO,LIKE_DATE) values (1,15,to_date('22/09/01','RR/MM/DD'));
Insert into JOADB.LIKED_COURSE (USER_NO,COURSE_NO,LIKE_DATE) values (1,15,to_date('22/09/01','RR/MM/DD'));
Insert into JOADB.LIKED_COURSE (USER_NO,COURSE_NO,LIKE_DATE) values (1,15,to_date('22/09/01','RR/MM/DD'));
Insert into JOADB.LIKED_COURSE (USER_NO,COURSE_NO,LIKE_DATE) values (1,15,to_date('22/09/01','RR/MM/DD'));
Insert into JOADB.LIKED_COURSE (USER_NO,COURSE_NO,LIKE_DATE) values (1,15,to_date('22/09/01','RR/MM/DD'));
Insert into JOADB.LIKED_COURSE (USER_NO,COURSE_NO,LIKE_DATE) values (1,15,to_date('22/09/01','RR/MM/DD'));
Insert into JOADB.LIKED_COURSE (USER_NO,COURSE_NO,LIKE_DATE) values (1,15,to_date('22/09/01','RR/MM/DD'));
Insert into JOADB.LIKED_COURSE (USER_NO,COURSE_NO,LIKE_DATE) values (1,15,to_date('22/09/01','RR/MM/DD'));
Insert into JOADB.LIKED_COURSE (USER_NO,COURSE_NO,LIKE_DATE) values (1,15,to_date('22/09/01','RR/MM/DD'));
Insert into JOADB.LIKED_COURSE (USER_NO,COURSE_NO,LIKE_DATE) values (1,15,to_date('22/09/01','RR/MM/DD'));
Insert into JOADB.LIKED_COURSE (USER_NO,COURSE_NO,LIKE_DATE) values (1,15,to_date('22/09/01','RR/MM/DD'));
Insert into JOADB.LIKED_COURSE (USER_NO,COURSE_NO,LIKE_DATE) values (1,15,to_date('22/09/01','RR/MM/DD'));
Insert into JOADB.LIKED_COURSE (USER_NO,COURSE_NO,LIKE_DATE) values (1,15,to_date('22/09/01','RR/MM/DD'));
Insert into JOADB.LIKED_COURSE (USER_NO,COURSE_NO,LIKE_DATE) values (1,15,to_date('22/09/01','RR/MM/DD'));
Insert into JOADB.LIKED_COURSE (USER_NO,COURSE_NO,LIKE_DATE) values (1,15,to_date('22/09/01','RR/MM/DD'));
Insert into JOADB.LIKED_COURSE (USER_NO,COURSE_NO,LIKE_DATE) values (1,15,to_date('22/09/01','RR/MM/DD'));
Insert into JOADB.LIKED_COURSE (USER_NO,COURSE_NO,LIKE_DATE) values (1,15,to_date('22/09/01','RR/MM/DD'));
Insert into JOADB.LIKED_COURSE (USER_NO,COURSE_NO,LIKE_DATE) values (1,15,to_date('22/09/01','RR/MM/DD'));
Insert into JOADB.LIKED_COURSE (USER_NO,COURSE_NO,LIKE_DATE) values (1,15,to_date('22/09/01','RR/MM/DD'));
Insert into JOADB.LIKED_COURSE (USER_NO,COURSE_NO,LIKE_DATE) values (1,15,to_date('22/09/01','RR/MM/DD'));
Insert into JOADB.LIKED_COURSE (USER_NO,COURSE_NO,LIKE_DATE) values (1,15,to_date('22/09/01','RR/MM/DD'));
Insert into JOADB.LIKED_COURSE (USER_NO,COURSE_NO,LIKE_DATE) values (1,15,to_date('22/09/01','RR/MM/DD'));
Insert into JOADB.LIKED_COURSE (USER_NO,COURSE_NO,LIKE_DATE) values (1,15,to_date('22/09/01','RR/MM/DD'));
Insert into JOADB.LIKED_COURSE (USER_NO,COURSE_NO,LIKE_DATE) values (1,15,to_date('22/09/01','RR/MM/DD'));
Insert into JOADB.LIKED_COURSE (USER_NO,COURSE_NO,LIKE_DATE) values (1,15,to_date('22/09/01','RR/MM/DD'));
Insert into JOADB.LIKED_COURSE (USER_NO,COURSE_NO,LIKE_DATE) values (1,15,to_date('22/09/01','RR/MM/DD'));
Insert into JOADB.LIKED_COURSE (USER_NO,COURSE_NO,LIKE_DATE) values (1,15,to_date('22/09/01','RR/MM/DD'));
Insert into JOADB.LIKED_COURSE (USER_NO,COURSE_NO,LIKE_DATE) values (1,15,to_date('22/09/01','RR/MM/DD'));
Insert into JOADB.LIKED_COURSE (USER_NO,COURSE_NO,LIKE_DATE) values (1,15,to_date('22/09/01','RR/MM/DD'));
Insert into JOADB.LIKED_COURSE (USER_NO,COURSE_NO,LIKE_DATE) values (1,15,to_date('22/09/01','RR/MM/DD'));
Insert into JOADB.LIKED_COURSE (USER_NO,COURSE_NO,LIKE_DATE) values (1,15,to_date('22/09/01','RR/MM/DD'));
Insert into JOADB.LIKED_COURSE (USER_NO,COURSE_NO,LIKE_DATE) values (1,15,to_date('22/09/01','RR/MM/DD'));
Insert into JOADB.LIKED_COURSE (USER_NO,COURSE_NO,LIKE_DATE) values (1,15,to_date('22/09/01','RR/MM/DD'));
Insert into JOADB.LIKED_COURSE (USER_NO,COURSE_NO,LIKE_DATE) values (1,15,to_date('22/09/01','RR/MM/DD'));
Insert into JOADB.LIKED_COURSE (USER_NO,COURSE_NO,LIKE_DATE) values (1,15,to_date('22/09/01','RR/MM/DD'));
Insert into JOADB.LIKED_COURSE (USER_NO,COURSE_NO,LIKE_DATE) values (1,15,to_date('22/09/01','RR/MM/DD'));
Insert into JOADB.LIKED_COURSE (USER_NO,COURSE_NO,LIKE_DATE) values (1,15,to_date('22/09/01','RR/MM/DD'));
Insert into JOADB.LIKED_COURSE (USER_NO,COURSE_NO,LIKE_DATE) values (1,15,to_date('22/09/01','RR/MM/DD'));
Insert into JOADB.LIKED_COURSE (USER_NO,COURSE_NO,LIKE_DATE) values (1,15,to_date('22/09/01','RR/MM/DD'));
Insert into JOADB.LIKED_COURSE (USER_NO,COURSE_NO,LIKE_DATE) values (1,15,to_date('22/09/01','RR/MM/DD'));
Insert into JOADB.LIKED_COURSE (USER_NO,COURSE_NO,LIKE_DATE) values (1,15,to_date('22/09/01','RR/MM/DD'));
Insert into JOADB.LIKED_COURSE (USER_NO,COURSE_NO,LIKE_DATE) values (1,15,to_date('22/09/01','RR/MM/DD'));
Insert into JOADB.LIKED_COURSE (USER_NO,COURSE_NO,LIKE_DATE) values (1,15,to_date('22/09/01','RR/MM/DD'));
Insert into JOADB.LIKED_COURSE (USER_NO,COURSE_NO,LIKE_DATE) values (1,15,to_date('22/09/01','RR/MM/DD'));
Insert into JOADB.LIKED_COURSE (USER_NO,COURSE_NO,LIKE_DATE) values (1,15,to_date('22/09/01','RR/MM/DD'));
Insert into JOADB.LIKED_COURSE (USER_NO,COURSE_NO,LIKE_DATE) values (1,15,to_date('22/09/01','RR/MM/DD'));
Insert into JOADB.LIKED_COURSE (USER_NO,COURSE_NO,LIKE_DATE) values (1,15,to_date('22/09/01','RR/MM/DD'));
Insert into JOADB.LIKED_COURSE (USER_NO,COURSE_NO,LIKE_DATE) values (1,15,to_date('22/09/01','RR/MM/DD'));
Insert into JOADB.LIKED_COURSE (USER_NO,COURSE_NO,LIKE_DATE) values (1,15,to_date('22/09/01','RR/MM/DD'));
Insert into JOADB.LIKED_COURSE (USER_NO,COURSE_NO,LIKE_DATE) values (5,22,to_date('22/09/01','RR/MM/DD'));
Insert into JOADB.LIKED_COURSE (USER_NO,COURSE_NO,LIKE_DATE) values (5,24,to_date('22/09/01','RR/MM/DD'));
Insert into JOADB.LIKED_COURSE (USER_NO,COURSE_NO,LIKE_DATE) values (5,19,to_date('22/09/01','RR/MM/DD'));
Insert into JOADB.LIKED_COURSE (USER_NO,COURSE_NO,LIKE_DATE) values (2,4,to_date('22/09/01','RR/MM/DD'));
Insert into JOADB.LIKED_COURSE (USER_NO,COURSE_NO,LIKE_DATE) values (1,14,to_date('22/09/02','RR/MM/DD'));
Insert into JOADB.LIKED_COURSE (USER_NO,COURSE_NO,LIKE_DATE) values (4,22,to_date('22/09/01','RR/MM/DD'));
Insert into JOADB.LIKED_COURSE (USER_NO,COURSE_NO,LIKE_DATE) values (1,11,to_date('22/09/05','RR/MM/DD'));
REM INSERTING into JOADB.POINT
SET DEFINE OFF;
Insert into JOADB.POINT (POINT_NO,COURSE_NO,ORDER_NO,X,Y) values (1,1,0,127.08867345629739,37.52859049342572);
Insert into JOADB.POINT (POINT_NO,COURSE_NO,ORDER_NO,X,Y) values (2,1,1,127.08840095975462,37.5277617762937);
Insert into JOADB.POINT (POINT_NO,COURSE_NO,ORDER_NO,X,Y) values (3,1,2,127.08717834388622,37.52707792384417);
Insert into JOADB.POINT (POINT_NO,COURSE_NO,ORDER_NO,X,Y) values (4,1,3,127.07998286760521,37.52672261530604);
Insert into JOADB.POINT (POINT_NO,COURSE_NO,ORDER_NO,X,Y) values (5,1,4,127.07713225527914,37.52697679191945);
Insert into JOADB.POINT (POINT_NO,COURSE_NO,ORDER_NO,X,Y) values (6,1,5,127.06627401515254,37.52954222887172);
Insert into JOADB.POINT (POINT_NO,COURSE_NO,ORDER_NO,X,Y) values (7,1,6,127.0596239079024,37.532284817318704);
Insert into JOADB.POINT (POINT_NO,COURSE_NO,ORDER_NO,X,Y) values (8,1,7,127.0638317920202,37.531273496665776);
Insert into JOADB.POINT (POINT_NO,COURSE_NO,ORDER_NO,X,Y) values (9,1,8,127.06632019418285,37.53058736453879);
Insert into JOADB.POINT (POINT_NO,COURSE_NO,ORDER_NO,X,Y) values (10,1,9,127.06849216907071,37.53033384450308);
Insert into JOADB.POINT (POINT_NO,COURSE_NO,ORDER_NO,X,Y) values (11,1,10,127.07057351937769,37.529972218544536);
Insert into JOADB.POINT (POINT_NO,COURSE_NO,ORDER_NO,X,Y) values (12,1,11,127.07138740277196,37.52925092825256);
Insert into JOADB.POINT (POINT_NO,COURSE_NO,ORDER_NO,X,Y) values (13,1,12,127.07713236660298,37.52708491206027);
Insert into JOADB.POINT (POINT_NO,COURSE_NO,ORDER_NO,X,Y) values (14,1,13,127.08002804253958,37.52665050455849);
Insert into JOADB.POINT (POINT_NO,COURSE_NO,ORDER_NO,X,Y) values (15,1,14,127.08722355406529,37.527041850394816);
Insert into JOADB.POINT (POINT_NO,COURSE_NO,ORDER_NO,X,Y) values (16,1,15,127.08835570720103,37.527761810157045);
Insert into JOADB.POINT (POINT_NO,COURSE_NO,ORDER_NO,X,Y) values (17,1,16,127.08871888008983,37.52873461954551);
Insert into JOADB.POINT (POINT_NO,COURSE_NO,ORDER_NO,X,Y) values (18,2,0,127.11781642538799,37.52138403207482);
Insert into JOADB.POINT (POINT_NO,COURSE_NO,ORDER_NO,X,Y) values (19,2,1,127.11784951160968,37.520843397625974);
Insert into JOADB.POINT (POINT_NO,COURSE_NO,ORDER_NO,X,Y) values (20,2,2,127.11782653323746,37.520618169936746);
Insert into JOADB.POINT (POINT_NO,COURSE_NO,ORDER_NO,X,Y) values (21,2,3,127.1181085817617,37.52014035689837);
Insert into JOADB.POINT (POINT_NO,COURSE_NO,ORDER_NO,X,Y) values (22,2,4,127.11861754940571,37.52009479671585);
Insert into JOADB.POINT (POINT_NO,COURSE_NO,ORDER_NO,X,Y) values (23,2,5,127.11877578844596,37.52001354746193);
Insert into JOADB.POINT (POINT_NO,COURSE_NO,ORDER_NO,X,Y) values (24,2,6,127.11884336009985,37.51982426894992);
Insert into JOADB.POINT (POINT_NO,COURSE_NO,ORDER_NO,X,Y) values (25,2,7,127.11869570559031,37.5194459963277);
Insert into JOADB.POINT (POINT_NO,COURSE_NO,ORDER_NO,X,Y) values (26,2,8,127.11871815803731,37.51933785344333);
Insert into JOADB.POINT (POINT_NO,COURSE_NO,ORDER_NO,X,Y) values (27,2,9,127.11900069686999,37.519175388634125);
Insert into JOADB.POINT (POINT_NO,COURSE_NO,ORDER_NO,X,Y) values (28,2,10,127.1191587902791,37.519004038732334);
Insert into JOADB.POINT (POINT_NO,COURSE_NO,ORDER_NO,X,Y) values (29,2,11,127.11920370784298,37.51879676278091);
Insert into JOADB.POINT (POINT_NO,COURSE_NO,ORDER_NO,X,Y) values (30,2,12,127.11890874388862,37.518256458430606);
Insert into JOADB.POINT (POINT_NO,COURSE_NO,ORDER_NO,X,Y) values (31,2,13,127.11891987685115,37.51814382186754);
Insert into JOADB.POINT (POINT_NO,COURSE_NO,ORDER_NO,X,Y) values (32,2,14,127.11902142433902,37.51798153906839);
Insert into JOADB.POINT (POINT_NO,COURSE_NO,ORDER_NO,X,Y) values (33,2,15,127.11904926689587,37.51770670512705);
Insert into JOADB.POINT (POINT_NO,COURSE_NO,ORDER_NO,X,Y) values (34,2,16,127.11916217524328,37.51757594584667);
Insert into JOADB.POINT (POINT_NO,COURSE_NO,ORDER_NO,X,Y) values (35,2,17,127.11932037968718,37.51747667580866);
Insert into JOADB.POINT (POINT_NO,COURSE_NO,ORDER_NO,X,Y) values (36,2,18,127.11972739483114,37.51735012352067);
Insert into JOADB.POINT (POINT_NO,COURSE_NO,ORDER_NO,X,Y) values (37,2,19,127.12005555983818,37.51743088068191);
Insert into JOADB.POINT (POINT_NO,COURSE_NO,ORDER_NO,X,Y) values (38,2,20,127.12088131876058,37.51743904848933);
Insert into JOADB.POINT (POINT_NO,COURSE_NO,ORDER_NO,X,Y) values (39,2,21,127.12114125178442,37.517294621708245);
Insert into JOADB.POINT (POINT_NO,COURSE_NO,ORDER_NO,X,Y) values (40,2,22,127.12197946478865,37.51800555132238);
Insert into JOADB.POINT (POINT_NO,COURSE_NO,ORDER_NO,X,Y) values (41,2,23,127.12261315323198,37.51814905564176);
Insert into JOADB.POINT (POINT_NO,COURSE_NO,ORDER_NO,X,Y) values (42,2,24,127.12313346064379,37.51813049430748);
Insert into JOADB.POINT (POINT_NO,COURSE_NO,ORDER_NO,X,Y) values (43,2,25,127.1236081941536,37.51791375776298);
Insert into JOADB.POINT (POINT_NO,COURSE_NO,ORDER_NO,X,Y) values (44,2,26,127.1244224825172,37.51782280249975);
Insert into JOADB.POINT (POINT_NO,COURSE_NO,ORDER_NO,X,Y) values (45,2,27,127.12553129336388,37.51798380976288);
Insert into JOADB.POINT (POINT_NO,COURSE_NO,ORDER_NO,X,Y) values (46,2,28,127.1262336779897,37.51861376310542);
Insert into JOADB.POINT (POINT_NO,COURSE_NO,ORDER_NO,X,Y) values (47,2,29,127.1264159730811,37.51938843041251);
Insert into JOADB.POINT (POINT_NO,COURSE_NO,ORDER_NO,X,Y) values (48,2,30,127.12605535769663,37.52019971810961);
Insert into JOADB.POINT (POINT_NO,COURSE_NO,ORDER_NO,X,Y) values (49,2,31,127.12542264072917,37.52065089291149);
Insert into JOADB.POINT (POINT_NO,COURSE_NO,ORDER_NO,X,Y) values (50,2,32,127.1242922725558,37.5211566491856);
Insert into JOADB.POINT (POINT_NO,COURSE_NO,ORDER_NO,X,Y) values (51,2,33,127.12388598936708,37.52173371750799);
Insert into JOADB.POINT (POINT_NO,COURSE_NO,ORDER_NO,X,Y) values (52,2,34,127.12357123854369,37.52294139013393);
Insert into JOADB.POINT (POINT_NO,COURSE_NO,ORDER_NO,X,Y) values (53,2,35,127.12293845390589,37.5233745314768);
Insert into JOADB.POINT (POINT_NO,COURSE_NO,ORDER_NO,X,Y) values (54,2,36,127.12232749261399,37.523321105728684);
Insert into JOADB.POINT (POINT_NO,COURSE_NO,ORDER_NO,X,Y) values (55,2,37,127.12198882311387,37.52375393697129);
Insert into JOADB.POINT (POINT_NO,COURSE_NO,ORDER_NO,X,Y) values (56,2,38,127.12165105676532,37.52474538743366);
Insert into JOADB.POINT (POINT_NO,COURSE_NO,ORDER_NO,X,Y) values (57,2,39,127.1211535906512,37.52492609914601);
Insert into JOADB.POINT (POINT_NO,COURSE_NO,ORDER_NO,X,Y) values (58,2,40,127.12081406440254,37.524836346766996);
Insert into JOADB.POINT (POINT_NO,COURSE_NO,ORDER_NO,X,Y) values (59,2,41,127.1204063733261,37.52456646255499);
Insert into JOADB.POINT (POINT_NO,COURSE_NO,ORDER_NO,X,Y) values (60,2,42,127.1202247637582,37.52418822677241);
Insert into JOADB.POINT (POINT_NO,COURSE_NO,ORDER_NO,X,Y) values (61,2,43,127.11972617480762,37.52366615211893);
Insert into JOADB.POINT (POINT_NO,COURSE_NO,ORDER_NO,X,Y) values (62,2,44,127.11827686506338,37.52283869050354);
Insert into JOADB.POINT (POINT_NO,COURSE_NO,ORDER_NO,X,Y) values (63,2,45,127.11800477183024,37.522460541764104);
Insert into JOADB.POINT (POINT_NO,COURSE_NO,ORDER_NO,X,Y) values (64,2,46,127.11798157966847,37.52210016404544);
Insert into JOADB.POINT (POINT_NO,COURSE_NO,ORDER_NO,X,Y) values (65,2,47,127.11782235774771,37.5215597216144);
Insert into JOADB.POINT (POINT_NO,COURSE_NO,ORDER_NO,X,Y) values (66,3,0,127.09476872352063,37.53548742660129);
Insert into JOADB.POINT (POINT_NO,COURSE_NO,ORDER_NO,X,Y) values (67,3,1,127.10379993698166,37.52088361067711);
Insert into JOADB.POINT (POINT_NO,COURSE_NO,ORDER_NO,X,Y) values (68,3,2,127.10488287127802,37.51872024749475);
Insert into JOADB.POINT (POINT_NO,COURSE_NO,ORDER_NO,X,Y) values (69,3,3,127.10506198999374,37.51738660390721);
Insert into JOADB.POINT (POINT_NO,COURSE_NO,ORDER_NO,X,Y) values (70,3,4,127.10460741441203,37.51587332201605);
Insert into JOADB.POINT (POINT_NO,COURSE_NO,ORDER_NO,X,Y) values (71,3,5,127.10320282326316,37.51443295213997);
Insert into JOADB.POINT (POINT_NO,COURSE_NO,ORDER_NO,X,Y) values (72,3,6,127.10207107303157,37.51396541370472);
Insert into JOADB.POINT (POINT_NO,COURSE_NO,ORDER_NO,X,Y) values (73,3,7,127.09537254511736,37.51209692437296);
Insert into JOADB.POINT (POINT_NO,COURSE_NO,ORDER_NO,X,Y) values (74,3,8,127.08645903216248,37.51156318261472);
Insert into JOADB.POINT (POINT_NO,COURSE_NO,ORDER_NO,X,Y) values (75,3,9,127.07840623186814,37.511965244239605);
Insert into JOADB.POINT (POINT_NO,COURSE_NO,ORDER_NO,X,Y) values (76,3,10,127.06641500742293,37.50991830539983);
Insert into JOADB.POINT (POINT_NO,COURSE_NO,ORDER_NO,X,Y) values (77,3,11,127.06302099335264,37.50887499967729);
Insert into JOADB.POINT (POINT_NO,COURSE_NO,ORDER_NO,X,Y) values (78,3,12,127.04894823187121,37.50466496606413);
Insert into JOADB.POINT (POINT_NO,COURSE_NO,ORDER_NO,X,Y) values (79,3,13,127.03636996358685,37.50070508347949);
Insert into JOADB.POINT (POINT_NO,COURSE_NO,ORDER_NO,X,Y) values (80,3,14,127.0275026637598,37.498004462111574);
Insert into JOADB.POINT (POINT_NO,COURSE_NO,ORDER_NO,X,Y) values (81,3,15,127.01384103678312,37.493862221684815);
Insert into JOADB.POINT (POINT_NO,COURSE_NO,ORDER_NO,X,Y) values (82,3,16,127.00737264508147,37.491880586561706);
Insert into JOADB.POINT (POINT_NO,COURSE_NO,ORDER_NO,X,Y) values (83,3,17,127.0054276594142,37.491123845692215);
Insert into JOADB.POINT (POINT_NO,COURSE_NO,ORDER_NO,X,Y) values (84,3,18,127.00483960949838,37.490294944302775);
Insert into JOADB.POINT (POINT_NO,COURSE_NO,ORDER_NO,X,Y) values (85,3,19,127.0038894824901,37.48456456822245);
Insert into JOADB.POINT (POINT_NO,COURSE_NO,ORDER_NO,X,Y) values (86,3,20,127.00271352074762,37.48258238208111);
Insert into JOADB.POINT (POINT_NO,COURSE_NO,ORDER_NO,X,Y) values (87,3,21,127.00104017595905,37.48207784371892);
Insert into JOADB.POINT (POINT_NO,COURSE_NO,ORDER_NO,X,Y) values (88,3,22,126.99751264301757,37.48146513605493);
Insert into JOADB.POINT (POINT_NO,COURSE_NO,ORDER_NO,X,Y) values (89,3,23,126.99018656194087,37.479050050201906);
Insert into JOADB.POINT (POINT_NO,COURSE_NO,ORDER_NO,X,Y) values (90,3,24,126.98444375893007,37.47641848586934);
Insert into JOADB.POINT (POINT_NO,COURSE_NO,ORDER_NO,X,Y) values (91,3,25,126.97797697088475,37.476741821005696);
Insert into JOADB.POINT (POINT_NO,COURSE_NO,ORDER_NO,X,Y) values (92,3,26,126.96974718062897,37.4752983848689);
Insert into JOADB.POINT (POINT_NO,COURSE_NO,ORDER_NO,X,Y) values (93,3,27,126.96771214488078,37.475514088671616);
Insert into JOADB.POINT (POINT_NO,COURSE_NO,ORDER_NO,X,Y) values (94,3,28,126.96350581356106,37.477098641467684);
Insert into JOADB.POINT (POINT_NO,COURSE_NO,ORDER_NO,X,Y) values (95,3,29,126.9526498435955,37.48134755331858);
Insert into JOADB.POINT (POINT_NO,COURSE_NO,ORDER_NO,X,Y) values (96,4,0,126.91360326504551,37.486947745048475);
Insert into JOADB.POINT (POINT_NO,COURSE_NO,ORDER_NO,X,Y) values (97,4,1,126.91408043870082,37.48495686532688);
Insert into JOADB.POINT (POINT_NO,COURSE_NO,ORDER_NO,X,Y) values (98,4,2,126.92272843667666,37.48653059184005);
Insert into JOADB.POINT (POINT_NO,COURSE_NO,ORDER_NO,X,Y) values (99,4,3,126.92251315848478,37.486962934655764);
Insert into JOADB.POINT (POINT_NO,COURSE_NO,ORDER_NO,X,Y) values (100,4,4,126.92226400333509,37.48735020436947);
Insert into JOADB.POINT (POINT_NO,COURSE_NO,ORDER_NO,X,Y) values (101,4,5,126.92192432314775,37.4878004842876);
Insert into JOADB.POINT (POINT_NO,COURSE_NO,ORDER_NO,X,Y) values (102,4,6,126.9214941908681,37.48824169304646);
Insert into JOADB.POINT (POINT_NO,COURSE_NO,ORDER_NO,X,Y) values (103,4,7,126.92106416729624,37.48857477935971);
Insert into JOADB.POINT (POINT_NO,COURSE_NO,ORDER_NO,X,Y) values (104,4,8,126.92062288983003,37.48885379607063);
Insert into JOADB.POINT (POINT_NO,COURSE_NO,ORDER_NO,X,Y) values (105,4,9,126.91991028167747,37.489087577118205);
Insert into JOADB.POINT (POINT_NO,COURSE_NO,ORDER_NO,X,Y) values (106,4,10,126.91946920970364,37.48916836797415);
Insert into JOADB.POINT (POINT_NO,COURSE_NO,ORDER_NO,X,Y) values (107,4,11,126.91824781320086,37.48935674070181);
Insert into JOADB.POINT (POINT_NO,COURSE_NO,ORDER_NO,X,Y) values (108,4,12,126.91775038877711,37.489266294700855);
Insert into JOADB.POINT (POINT_NO,COURSE_NO,ORDER_NO,X,Y) values (109,4,13,126.91707214806821,37.48908561907075);
Insert into JOADB.POINT (POINT_NO,COURSE_NO,ORDER_NO,X,Y) values (110,4,14,126.91676697080827,37.488977283560715);
Insert into JOADB.POINT (POINT_NO,COURSE_NO,ORDER_NO,X,Y) values (111,4,15,126.91371614833137,37.4871100089536);
Insert into JOADB.POINT (POINT_NO,COURSE_NO,ORDER_NO,X,Y) values (112,4,16,126.91363712375676,37.48700183027427);
Insert into JOADB.POINT (POINT_NO,COURSE_NO,ORDER_NO,X,Y) values (113,5,0,126.56768754713644,33.45390914550914);
Insert into JOADB.POINT (POINT_NO,COURSE_NO,ORDER_NO,X,Y) values (114,5,1,126.56790802588766,33.452827992774324);
Insert into JOADB.POINT (POINT_NO,COURSE_NO,ORDER_NO,X,Y) values (115,5,2,126.56844830244303,33.45232497771328);
Insert into JOADB.POINT (POINT_NO,COURSE_NO,ORDER_NO,X,Y) values (116,5,3,126.56868938556737,33.45142421524333);
Insert into JOADB.POINT (POINT_NO,COURSE_NO,ORDER_NO,X,Y) values (117,5,4,126.5688197881799,33.45115418835574);
Insert into JOADB.POINT (POINT_NO,COURSE_NO,ORDER_NO,X,Y) values (118,5,5,126.56813457656312,33.45052068267504);
Insert into JOADB.POINT (POINT_NO,COURSE_NO,ORDER_NO,X,Y) values (119,5,6,126.56815975106413,33.44978145708502);
Insert into JOADB.POINT (POINT_NO,COURSE_NO,ORDER_NO,X,Y) values (120,5,7,126.56840002601373,33.44904298028819);
Insert into JOADB.POINT (POINT_NO,COURSE_NO,ORDER_NO,X,Y) values (121,5,8,126.56859442032649,33.44888136845223);
Insert into JOADB.POINT (POINT_NO,COURSE_NO,ORDER_NO,X,Y) values (122,5,9,126.56881085929544,33.44861164074846);
Insert into JOADB.POINT (POINT_NO,COURSE_NO,ORDER_NO,X,Y) values (123,5,10,126.56909245086165,33.448215914816494);
Insert into JOADB.POINT (POINT_NO,COURSE_NO,ORDER_NO,X,Y) values (124,5,11,126.5705299701808,33.44896021552194);
Insert into JOADB.POINT (POINT_NO,COURSE_NO,ORDER_NO,X,Y) values (125,5,12,126.5714542829587,33.449089637717215);
Insert into JOADB.POINT (POINT_NO,COURSE_NO,ORDER_NO,X,Y) values (126,5,13,126.57530521004314,33.448976662729486);
Insert into JOADB.POINT (POINT_NO,COURSE_NO,ORDER_NO,X,Y) values (127,5,14,126.57780064406072,33.44893108838235);
Insert into JOADB.POINT (POINT_NO,COURSE_NO,ORDER_NO,X,Y) values (128,5,15,126.57570336168178,33.45555971737757);
Insert into JOADB.POINT (POINT_NO,COURSE_NO,ORDER_NO,X,Y) values (129,5,16,126.57243685490404,33.454881311172166);
Insert into JOADB.POINT (POINT_NO,COURSE_NO,ORDER_NO,X,Y) values (130,5,17,126.57140412327293,33.454913809591496);
Insert into JOADB.POINT (POINT_NO,COURSE_NO,ORDER_NO,X,Y) values (131,5,18,126.5714417781306,33.45163211120764);
Insert into JOADB.POINT (POINT_NO,COURSE_NO,ORDER_NO,X,Y) values (132,5,19,126.57149765787779,33.44901765946772);
Insert into JOADB.POINT (POINT_NO,COURSE_NO,ORDER_NO,X,Y) values (133,5,20,126.5705299701808,33.44896021552194);
Insert into JOADB.POINT (POINT_NO,COURSE_NO,ORDER_NO,X,Y) values (134,5,21,126.56909245086165,33.448215914816494);
Insert into JOADB.POINT (POINT_NO,COURSE_NO,ORDER_NO,X,Y) values (135,5,22,126.56838414276157,33.44790690673426);
Insert into JOADB.POINT (POINT_NO,COURSE_NO,ORDER_NO,X,Y) values (136,5,23,126.56821805038894,33.44669818186363);
Insert into JOADB.POINT (POINT_NO,COURSE_NO,ORDER_NO,X,Y) values (137,5,24,126.56727172130797,33.4466768510444);
Insert into JOADB.POINT (POINT_NO,COURSE_NO,ORDER_NO,X,Y) values (138,5,25,126.56714965010325,33.44526992571175);
Insert into JOADB.POINT (POINT_NO,COURSE_NO,ORDER_NO,X,Y) values (139,5,26,126.56715054568883,33.445089608394035);
Insert into JOADB.POINT (POINT_NO,COURSE_NO,ORDER_NO,X,Y) values (140,5,27,126.56551558343035,33.4451379867797);
Insert into JOADB.POINT (POINT_NO,COURSE_NO,ORDER_NO,X,Y) values (141,5,28,126.56505426247008,33.447065797812584);
Insert into JOADB.POINT (POINT_NO,COURSE_NO,ORDER_NO,X,Y) values (142,5,29,126.56122909615813,33.44634907236834);
Insert into JOADB.POINT (POINT_NO,COURSE_NO,ORDER_NO,X,Y) values (143,5,30,126.56207421537592,33.44510784923595);
Insert into JOADB.POINT (POINT_NO,COURSE_NO,ORDER_NO,X,Y) values (144,6,0,127.08967470730036,37.552231968456795);
Insert into JOADB.POINT (POINT_NO,COURSE_NO,ORDER_NO,X,Y) values (145,6,1,127.09044229236866,37.550609586661004);
Insert into JOADB.POINT (POINT_NO,COURSE_NO,ORDER_NO,X,Y) values (146,6,2,127.09093978445733,37.55024880530868);
Insert into JOADB.POINT (POINT_NO,COURSE_NO,ORDER_NO,X,Y) values (147,6,3,127.0944306426657,37.55449877477053);
Insert into JOADB.POINT (POINT_NO,COURSE_NO,ORDER_NO,X,Y) values (148,6,4,127.0958797030156,37.554858005949704);
Insert into JOADB.POINT (POINT_NO,COURSE_NO,ORDER_NO,X,Y) values (149,6,5,127.09687510613365,37.55446075457975);
Insert into JOADB.POINT (POINT_NO,COURSE_NO,ORDER_NO,X,Y) values (150,6,6,127.09787115851127,37.55456805284644);
Insert into JOADB.POINT (POINT_NO,COURSE_NO,ORDER_NO,X,Y) values (151,6,7,127.09855104396102,37.555216205447806);
Insert into JOADB.POINT (POINT_NO,COURSE_NO,ORDER_NO,X,Y) values (152,6,8,127.09936612767247,37.555395721776186);
Insert into JOADB.POINT (POINT_NO,COURSE_NO,ORDER_NO,X,Y) values (153,6,9,127.10049742316521,37.55507040525869);
Insert into JOADB.POINT (POINT_NO,COURSE_NO,ORDER_NO,X,Y) values (154,6,10,127.10117645884155,37.55506982534638);
Insert into JOADB.POINT (POINT_NO,COURSE_NO,ORDER_NO,X,Y) values (155,6,11,127.10208272462006,37.55571776333356);
Insert into JOADB.POINT (POINT_NO,COURSE_NO,ORDER_NO,X,Y) values (156,6,12,127.10240079424666,37.55658244518642);
Insert into JOADB.POINT (POINT_NO,COURSE_NO,ORDER_NO,X,Y) values (157,6,13,127.10199503478084,37.55780815232639);
Insert into JOADB.POINT (POINT_NO,COURSE_NO,ORDER_NO,X,Y) values (158,6,14,127.10249419722552,37.558672677038274);
Insert into JOADB.POINT (POINT_NO,COURSE_NO,ORDER_NO,X,Y) values (159,6,15,127.10213296209551,37.55935774758282);
Insert into JOADB.POINT (POINT_NO,COURSE_NO,ORDER_NO,X,Y) values (160,6,16,127.10149964804776,37.559718692383385);
Insert into JOADB.POINT (POINT_NO,COURSE_NO,ORDER_NO,X,Y) values (161,6,17,127.10127567906493,37.561484837834485);
Insert into JOADB.POINT (POINT_NO,COURSE_NO,ORDER_NO,X,Y) values (162,6,18,127.10232124448318,37.56461940279014);
Insert into JOADB.POINT (POINT_NO,COURSE_NO,ORDER_NO,X,Y) values (163,6,19,127.10264103622295,37.56670943524419);
Insert into JOADB.POINT (POINT_NO,COURSE_NO,ORDER_NO,X,Y) values (164,7,0,128.59076418820587,35.851184572901005);
Insert into JOADB.POINT (POINT_NO,COURSE_NO,ORDER_NO,X,Y) values (165,7,1,128.5908351303019,35.85695096626347);
Insert into JOADB.POINT (POINT_NO,COURSE_NO,ORDER_NO,X,Y) values (166,7,2,128.59299269428124,35.86187866932434);
Insert into JOADB.POINT (POINT_NO,COURSE_NO,ORDER_NO,X,Y) values (167,7,3,128.59353882309327,35.864827177869564);
Insert into JOADB.POINT (POINT_NO,COURSE_NO,ORDER_NO,X,Y) values (168,7,4,128.59381947756512,35.86999601767631);
Insert into JOADB.POINT (POINT_NO,COURSE_NO,ORDER_NO,X,Y) values (169,7,5,128.59415286032117,35.87116307904921);
Insert into JOADB.POINT (POINT_NO,COURSE_NO,ORDER_NO,X,Y) values (170,8,0,127.08885372040204,37.527959656877904);
Insert into JOADB.POINT (POINT_NO,COURSE_NO,ORDER_NO,X,Y) values (171,8,1,127.08717840679797,37.527131983900276);
Insert into JOADB.POINT (POINT_NO,COURSE_NO,ORDER_NO,X,Y) values (172,8,2,127.07989242138692,37.526776736632364);
Insert into JOADB.POINT (POINT_NO,COURSE_NO,ORDER_NO,X,Y) values (173,8,3,127.07324129744661,37.5277180904116);
Insert into JOADB.POINT (POINT_NO,COURSE_NO,ORDER_NO,X,Y) values (174,8,4,127.0661834919251,37.529524259606525);
Insert into JOADB.POINT (POINT_NO,COURSE_NO,ORDER_NO,X,Y) values (175,9,0,127.0952991887226,37.53445985920324);
Insert into JOADB.POINT (POINT_NO,COURSE_NO,ORDER_NO,X,Y) values (176,9,1,127.10225354906697,37.523353706075774);
Insert into JOADB.POINT (POINT_NO,COURSE_NO,ORDER_NO,X,Y) values (177,9,2,127.09520881298938,37.534568052161944);
Insert into JOADB.POINT (POINT_NO,COURSE_NO,ORDER_NO,X,Y) values (178,10,0,126.7612273011998,37.70408375548724);
Insert into JOADB.POINT (POINT_NO,COURSE_NO,ORDER_NO,X,Y) values (179,10,1,126.76308656948657,37.70423166150353);
Insert into JOADB.POINT (POINT_NO,COURSE_NO,ORDER_NO,X,Y) values (180,10,2,126.76376535754234,37.704737568202844);
Insert into JOADB.POINT (POINT_NO,COURSE_NO,ORDER_NO,X,Y) values (181,10,3,126.76503815676979,37.70387517735186);
Insert into JOADB.POINT (POINT_NO,COURSE_NO,ORDER_NO,X,Y) values (182,10,4,126.76626488898067,37.70322891483893);
Insert into JOADB.POINT (POINT_NO,COURSE_NO,ORDER_NO,X,Y) values (183,10,5,126.76740291031699,37.701933763745146);
Insert into JOADB.POINT (POINT_NO,COURSE_NO,ORDER_NO,X,Y) values (184,10,6,126.7682716660082,37.69970105992121);
Insert into JOADB.POINT (POINT_NO,COURSE_NO,ORDER_NO,X,Y) values (185,10,7,126.76586901609745,37.69929988539935);
Insert into JOADB.POINT (POINT_NO,COURSE_NO,ORDER_NO,X,Y) values (186,10,8,126.76569167421088,37.69800213086891);
Insert into JOADB.POINT (POINT_NO,COURSE_NO,ORDER_NO,X,Y) values (187,10,9,126.76587536284778,37.69728171655088);
Insert into JOADB.POINT (POINT_NO,COURSE_NO,ORDER_NO,X,Y) values (188,10,10,126.7668726100839,37.69746388712549);
Insert into JOADB.POINT (POINT_NO,COURSE_NO,ORDER_NO,X,Y) values (189,10,11,126.76769878590194,37.69433012716496);
Insert into JOADB.POINT (POINT_NO,COURSE_NO,ORDER_NO,X,Y) values (190,10,12,126.76443449094083,37.693963261737714);
Insert into JOADB.POINT (POINT_NO,COURSE_NO,ORDER_NO,X,Y) values (191,10,13,126.7636231700399,37.69237592293175);
Insert into JOADB.POINT (POINT_NO,COURSE_NO,ORDER_NO,X,Y) values (192,10,14,126.75958741846435,37.69218756941735);
Insert into JOADB.POINT (POINT_NO,COURSE_NO,ORDER_NO,X,Y) values (193,10,15,126.75998106507728,37.696693243044734);
Insert into JOADB.POINT (POINT_NO,COURSE_NO,ORDER_NO,X,Y) values (194,10,16,126.75920514002088,37.69820529726962);
Insert into JOADB.POINT (POINT_NO,COURSE_NO,ORDER_NO,X,Y) values (195,10,17,126.759381903319,37.6996472159449);
Insert into JOADB.POINT (POINT_NO,COURSE_NO,ORDER_NO,X,Y) values (196,10,18,126.76000945850382,37.701954986695355);
Insert into JOADB.POINT (POINT_NO,COURSE_NO,ORDER_NO,X,Y) values (197,10,19,126.75918567130607,37.704223759179285);
Insert into JOADB.POINT (POINT_NO,COURSE_NO,ORDER_NO,X,Y) values (198,10,20,126.76109122361947,37.70408347985236);
Insert into JOADB.POINT (POINT_NO,COURSE_NO,ORDER_NO,X,Y) values (199,11,0,127.11596996215722,37.54164035809143);
Insert into JOADB.POINT (POINT_NO,COURSE_NO,ORDER_NO,X,Y) values (200,11,1,127.11574321194828,37.541352260781736);
Insert into JOADB.POINT (POINT_NO,COURSE_NO,ORDER_NO,X,Y) values (201,11,2,127.11405395591214,37.539191505612315);
Insert into JOADB.POINT (POINT_NO,COURSE_NO,ORDER_NO,X,Y) values (202,11,3,127.1134977116325,37.537993711849694);
Insert into JOADB.POINT (POINT_NO,COURSE_NO,ORDER_NO,X,Y) values (203,11,4,127.11049546705196,37.53538365891993);
Insert into JOADB.POINT (POINT_NO,COURSE_NO,ORDER_NO,X,Y) values (204,11,5,127.11005345534086,37.53487050148054);
Insert into JOADB.POINT (POINT_NO,COURSE_NO,ORDER_NO,X,Y) values (205,11,6,127.10964510187465,37.53415909099247);
Insert into JOADB.POINT (POINT_NO,COURSE_NO,ORDER_NO,X,Y) values (206,11,7,127.10877089364597,37.532078587936546);
Insert into JOADB.POINT (POINT_NO,COURSE_NO,ORDER_NO,X,Y) values (207,11,8,127.10872514150628,37.531736249753486);
Insert into JOADB.POINT (POINT_NO,COURSE_NO,ORDER_NO,X,Y) values (208,11,9,127.10873615439152,37.53152900941502);
Insert into JOADB.POINT (POINT_NO,COURSE_NO,ORDER_NO,X,Y) values (209,11,10,127.10808954415604,37.53033127169459);
Insert into JOADB.POINT (POINT_NO,COURSE_NO,ORDER_NO,X,Y) values (210,11,11,127.10426045751373,37.52665862852725);
Insert into JOADB.POINT (POINT_NO,COURSE_NO,ORDER_NO,X,Y) values (211,11,12,127.10401052145512,37.52590200745851);
Insert into JOADB.POINT (POINT_NO,COURSE_NO,ORDER_NO,X,Y) values (212,11,13,127.10355748426024,37.52552398480363);
Insert into JOADB.POINT (POINT_NO,COURSE_NO,ORDER_NO,X,Y) values (213,11,14,127.10283319325812,37.525326397251234);
Insert into JOADB.POINT (POINT_NO,COURSE_NO,ORDER_NO,X,Y) values (214,11,15,127.10208544574098,37.52451614419446);
Insert into JOADB.POINT (POINT_NO,COURSE_NO,ORDER_NO,X,Y) values (215,11,16,127.10142804381316,37.52357966842979);
Insert into JOADB.POINT (POINT_NO,COURSE_NO,ORDER_NO,X,Y) values (216,11,17,127.1001601039764,37.52287796877911);
Insert into JOADB.POINT (POINT_NO,COURSE_NO,ORDER_NO,X,Y) values (217,11,18,127.09868885144706,37.52239266604603);
Insert into JOADB.POINT (POINT_NO,COURSE_NO,ORDER_NO,X,Y) values (218,11,19,127.09638039541571,37.52181793084041);
Insert into JOADB.POINT (POINT_NO,COURSE_NO,ORDER_NO,X,Y) values (219,11,20,127.0959042434782,37.521007416164814);
Insert into JOADB.POINT (POINT_NO,COURSE_NO,ORDER_NO,X,Y) values (220,11,21,127.09180711547559,37.51926272661309);
Insert into JOADB.POINT (POINT_NO,COURSE_NO,ORDER_NO,X,Y) values (221,11,22,127.0911058243327,37.51929930975332);
Insert into JOADB.POINT (POINT_NO,COURSE_NO,ORDER_NO,X,Y) values (222,11,23,127.08882031592722,37.518868569171005);
Insert into JOADB.POINT (POINT_NO,COURSE_NO,ORDER_NO,X,Y) values (223,11,24,127.08486059541926,37.518348898752414);
Insert into JOADB.POINT (POINT_NO,COURSE_NO,ORDER_NO,X,Y) values (224,11,25,127.08176108614863,37.51826098468351);
Insert into JOADB.POINT (POINT_NO,COURSE_NO,ORDER_NO,X,Y) values (225,12,0,127.10659416032395,37.51302437468001);
Insert into JOADB.POINT (POINT_NO,COURSE_NO,ORDER_NO,X,Y) values (226,12,1,127.10483959588794,37.51204385086918);
Insert into JOADB.POINT (POINT_NO,COURSE_NO,ORDER_NO,X,Y) values (227,12,2,127.10457917183615,37.51184586086756);
Insert into JOADB.POINT (POINT_NO,COURSE_NO,ORDER_NO,X,Y) values (228,12,3,127.10326661813477,37.511477604041175);
Insert into JOADB.POINT (POINT_NO,COURSE_NO,ORDER_NO,X,Y) values (229,12,4,127.10291567792419,37.51125265932743);
Insert into JOADB.POINT (POINT_NO,COURSE_NO,ORDER_NO,X,Y) values (230,12,5,127.10284714649026,37.510766176823275);
Insert into JOADB.POINT (POINT_NO,COURSE_NO,ORDER_NO,X,Y) values (231,12,6,127.10382965574532,37.50967510221875);
Insert into JOADB.POINT (POINT_NO,COURSE_NO,ORDER_NO,X,Y) values (232,12,7,127.1041122531355,37.50955772292216);
Insert into JOADB.POINT (POINT_NO,COURSE_NO,ORDER_NO,X,Y) values (233,12,8,127.10449694439258,37.50965649370033);
Insert into JOADB.POINT (POINT_NO,COURSE_NO,ORDER_NO,X,Y) values (234,12,9,127.10590073232534,37.51057426775634);
Insert into JOADB.POINT (POINT_NO,COURSE_NO,ORDER_NO,X,Y) values (235,12,10,127.1068860082151,37.51145636425594);
Insert into JOADB.POINT (POINT_NO,COURSE_NO,ORDER_NO,X,Y) values (236,12,11,127.10738456839705,37.51207760476083);
Insert into JOADB.POINT (POINT_NO,COURSE_NO,ORDER_NO,X,Y) values (237,12,12,127.10744219421349,37.512825385518944);
Insert into JOADB.POINT (POINT_NO,COURSE_NO,ORDER_NO,X,Y) values (238,12,13,127.10722758401997,37.513032811395504);
Insert into JOADB.POINT (POINT_NO,COURSE_NO,ORDER_NO,X,Y) values (239,12,14,127.10660561220058,37.51312347475403);
Insert into JOADB.POINT (POINT_NO,COURSE_NO,ORDER_NO,X,Y) values (240,12,15,127.10491882165698,37.51207982067952);
Insert into JOADB.POINT (POINT_NO,COURSE_NO,ORDER_NO,X,Y) values (241,12,16,127.10454520194381,37.51181886082071);
Insert into JOADB.POINT (POINT_NO,COURSE_NO,ORDER_NO,X,Y) values (242,12,17,127.10318744340825,37.511477673233195);
Insert into JOADB.POINT (POINT_NO,COURSE_NO,ORDER_NO,X,Y) values (243,12,18,127.10285913708144,37.51126171861693);
Insert into JOADB.POINT (POINT_NO,COURSE_NO,ORDER_NO,X,Y) values (244,12,19,127.10288107819422,37.51076614727428);
Insert into JOADB.POINT (POINT_NO,COURSE_NO,ORDER_NO,X,Y) values (245,12,20,127.10380707237164,37.50970215219517);
Insert into JOADB.POINT (POINT_NO,COURSE_NO,ORDER_NO,X,Y) values (246,12,21,127.10408961985371,37.509548732826055);
Insert into JOADB.POINT (POINT_NO,COURSE_NO,ORDER_NO,X,Y) values (247,12,22,127.10450825479255,37.509656483694016);
Insert into JOADB.POINT (POINT_NO,COURSE_NO,ORDER_NO,X,Y) values (248,12,23,127.1059233915979,37.51060127756229);
Insert into JOADB.POINT (POINT_NO,COURSE_NO,ORDER_NO,X,Y) values (249,12,24,127.10686338687373,37.51145638472365);
Insert into JOADB.POINT (POINT_NO,COURSE_NO,ORDER_NO,X,Y) values (250,12,25,127.1073845813056,37.512086614787755);
Insert into JOADB.POINT (POINT_NO,COURSE_NO,ORDER_NO,X,Y) values (251,12,26,127.10743088333642,37.512825395806914);
Insert into JOADB.POINT (POINT_NO,COURSE_NO,ORDER_NO,X,Y) values (252,12,27,127.10720500086536,37.513059862005846);
Insert into JOADB.POINT (POINT_NO,COURSE_NO,ORDER_NO,X,Y) values (253,12,28,127.10659432690633,37.51314150501305);
Insert into JOADB.POINT (POINT_NO,COURSE_NO,ORDER_NO,X,Y) values (254,12,29,127.1048848389282,37.512043810704064);
Insert into JOADB.POINT (POINT_NO,COURSE_NO,ORDER_NO,X,Y) values (255,12,30,127.10456782339627,37.5118188407968);
Insert into JOADB.POINT (POINT_NO,COURSE_NO,ORDER_NO,X,Y) values (256,12,31,127.10318745581199,37.511486683262234);
Insert into JOADB.POINT (POINT_NO,COURSE_NO,ORDER_NO,X,Y) values (257,12,32,127.10285912471724,37.51125270858745);
Insert into JOADB.POINT (POINT_NO,COURSE_NO,ORDER_NO,X,Y) values (258,12,33,127.10285841996655,37.51073913688393);
Insert into JOADB.POINT (POINT_NO,COURSE_NO,ORDER_NO,X,Y) values (259,12,34,127.10380707237164,37.50970215219517);
Insert into JOADB.POINT (POINT_NO,COURSE_NO,ORDER_NO,X,Y) values (260,12,35,127.10408964487644,37.509566752889526);
Insert into JOADB.POINT (POINT_NO,COURSE_NO,ORDER_NO,X,Y) values (261,12,36,127.1045422236898,37.509683483762906);
Insert into JOADB.POINT (POINT_NO,COURSE_NO,ORDER_NO,X,Y) values (262,12,37,127.105912068325,37.51059227767469);
Insert into JOADB.POINT (POINT_NO,COURSE_NO,ORDER_NO,X,Y) values (263,12,38,127.10686336118249,37.51143836466757);
Insert into JOADB.POINT (POINT_NO,COURSE_NO,ORDER_NO,X,Y) values (264,12,39,127.10732800167399,37.51206864613445);
Insert into JOADB.POINT (POINT_NO,COURSE_NO,ORDER_NO,X,Y) values (265,12,40,127.10745351800776,37.51283438525564);
Insert into JOADB.POINT (POINT_NO,COURSE_NO,ORDER_NO,X,Y) values (266,12,41,127.10712582447746,37.513059933840275);
Insert into JOADB.POINT (POINT_NO,COURSE_NO,ORDER_NO,X,Y) values (267,12,42,127.10656039413107,37.51314153563036);
Insert into JOADB.POINT (POINT_NO,COURSE_NO,ORDER_NO,X,Y) values (268,13,0,126.76402960181004,37.700080065863496);
Insert into JOADB.POINT (POINT_NO,COURSE_NO,ORDER_NO,X,Y) values (269,13,1,126.76406401914319,37.69995399843345);
Insert into JOADB.POINT (POINT_NO,COURSE_NO,ORDER_NO,X,Y) values (270,13,2,126.76348583590108,37.69991680120804);
Insert into JOADB.POINT (POINT_NO,COURSE_NO,ORDER_NO,X,Y) values (271,13,3,126.76359003424228,37.69924127993913);
Insert into JOADB.POINT (POINT_NO,COURSE_NO,ORDER_NO,X,Y) values (272,13,4,126.75943985080194,37.69925991553809);
Insert into JOADB.POINT (POINT_NO,COURSE_NO,ORDER_NO,X,Y) values (273,13,5,126.75923737938464,37.698754957069866);
Insert into JOADB.POINT (POINT_NO,COURSE_NO,ORDER_NO,X,Y) values (274,13,6,126.75930707362079,37.69824154432821);
Insert into JOADB.POINT (POINT_NO,COURSE_NO,ORDER_NO,X,Y) values (275,13,7,126.7594325585328,37.69800754721501);
Insert into JOADB.POINT (POINT_NO,COURSE_NO,ORDER_NO,X,Y) values (276,13,8,126.75978612750235,37.697368576567065);
Insert into JOADB.POINT (POINT_NO,COURSE_NO,ORDER_NO,X,Y) values (277,13,9,126.76000321965861,37.69685546345604);
Insert into JOADB.POINT (POINT_NO,COURSE_NO,ORDER_NO,X,Y) values (278,13,10,126.76003877476157,37.69637801958293);
Insert into JOADB.POINT (POINT_NO,COURSE_NO,ORDER_NO,X,Y) values (279,13,11,126.75994975057078,37.69585527341541);
Insert into JOADB.POINT (POINT_NO,COURSE_NO,ORDER_NO,X,Y) values (280,13,12,126.75990602336286,37.69535063885549);
Insert into JOADB.POINT (POINT_NO,COURSE_NO,ORDER_NO,X,Y) values (281,13,13,126.75988535121924,37.69472892452532);
Insert into JOADB.POINT (POINT_NO,COURSE_NO,ORDER_NO,X,Y) values (282,13,14,126.75974094675911,37.6938006267931);
Insert into JOADB.POINT (POINT_NO,COURSE_NO,ORDER_NO,X,Y) values (283,13,15,126.75965271283197,37.69303461866317);
Insert into JOADB.POINT (POINT_NO,COURSE_NO,ORDER_NO,X,Y) values (284,13,16,126.7596205308173,37.692466939065966);
Insert into JOADB.POINT (POINT_NO,COURSE_NO,ORDER_NO,X,Y) values (285,13,17,126.76102673550672,37.69237969963385);
Insert into JOADB.POINT (POINT_NO,COURSE_NO,ORDER_NO,X,Y) values (286,13,18,126.76320377801173,37.69233904254055);
Insert into JOADB.POINT (POINT_NO,COURSE_NO,ORDER_NO,X,Y) values (287,13,19,126.76340746145499,37.692465587826135);
Insert into JOADB.POINT (POINT_NO,COURSE_NO,ORDER_NO,X,Y) values (288,13,20,126.76424242516308,37.693746644025055);
Insert into JOADB.POINT (POINT_NO,COURSE_NO,ORDER_NO,X,Y) values (289,13,21,126.76479316005518,37.69527940030558);
Insert into JOADB.POINT (POINT_NO,COURSE_NO,ORDER_NO,X,Y) values (290,13,22,126.7650183653884,37.695775385132535);
Insert into JOADB.POINT (POINT_NO,COURSE_NO,ORDER_NO,X,Y) values (291,13,23,126.76520938740035,37.69632535988415);
Insert into JOADB.POINT (POINT_NO,COURSE_NO,ORDER_NO,X,Y) values (292,13,24,126.76563875188245,37.69680373028769);
Insert into JOADB.POINT (POINT_NO,COURSE_NO,ORDER_NO,X,Y) values (293,13,25,126.7657388157242,37.69743461094424);
Insert into JOADB.POINT (POINT_NO,COURSE_NO,ORDER_NO,X,Y) values (294,13,26,126.76560729923028,37.697790234312976);
Insert into JOADB.POINT (POINT_NO,COURSE_NO,ORDER_NO,X,Y) values (295,13,27,126.76570543600037,37.699033773241695);
Insert into JOADB.POINT (POINT_NO,COURSE_NO,ORDER_NO,X,Y) values (296,13,28,126.76557461156561,37.69916865929061);
Insert into JOADB.POINT (POINT_NO,COURSE_NO,ORDER_NO,X,Y) values (297,13,29,126.76554018297085,37.69929923202849);
Insert into JOADB.POINT (POINT_NO,COURSE_NO,ORDER_NO,X,Y) values (298,13,30,126.76358996271509,37.699263804137665);
Insert into JOADB.POINT (POINT_NO,COURSE_NO,ORDER_NO,X,Y) values (299,13,31,126.76359919894664,37.69992603826893);
Insert into JOADB.POINT (POINT_NO,COURSE_NO,ORDER_NO,X,Y) values (300,13,32,126.76409239562321,37.69994504547168);
Insert into JOADB.POINT (POINT_NO,COURSE_NO,ORDER_NO,X,Y) values (301,13,33,126.76401826261917,37.70008004317146);
Insert into JOADB.POINT (POINT_NO,COURSE_NO,ORDER_NO,X,Y) values (302,14,0,126.96104325766309,37.60365230059748);
Insert into JOADB.POINT (POINT_NO,COURSE_NO,ORDER_NO,X,Y) values (303,14,1,129.06565772813664,35.2328953085714);
Insert into JOADB.POINT (POINT_NO,COURSE_NO,ORDER_NO,X,Y) values (304,15,0,126.88928930875215,37.46661871509146);
Insert into JOADB.POINT (POINT_NO,COURSE_NO,ORDER_NO,X,Y) values (305,15,1,126.89756401885326,37.466445975637654);
Insert into JOADB.POINT (POINT_NO,COURSE_NO,ORDER_NO,X,Y) values (306,15,2,126.89743186794115,37.46388698956306);
Insert into JOADB.POINT (POINT_NO,COURSE_NO,ORDER_NO,X,Y) values (307,15,3,126.89747860744934,37.46276977604351);
Insert into JOADB.POINT (POINT_NO,COURSE_NO,ORDER_NO,X,Y) values (308,15,4,126.89766049233056,37.462013084039654);
Insert into JOADB.POINT (POINT_NO,COURSE_NO,ORDER_NO,X,Y) values (309,15,5,126.90047310104022,37.45491551081089);
Insert into JOADB.POINT (POINT_NO,COURSE_NO,ORDER_NO,X,Y) values (310,15,6,126.89536754068406,37.452748670193024);
Insert into JOADB.POINT (POINT_NO,COURSE_NO,ORDER_NO,X,Y) values (311,15,7,126.89355996367483,37.45224248879591);
Insert into JOADB.POINT (POINT_NO,COURSE_NO,ORDER_NO,X,Y) values (312,15,8,126.89306299459038,37.45202579704228);
Insert into JOADB.POINT (POINT_NO,COURSE_NO,ORDER_NO,X,Y) values (313,15,9,126.89147742196114,37.45433094465767);
Insert into JOADB.POINT (POINT_NO,COURSE_NO,ORDER_NO,X,Y) values (314,15,10,126.89020895691792,37.456131798137925);
Insert into JOADB.POINT (POINT_NO,COURSE_NO,ORDER_NO,X,Y) values (315,15,11,126.88970911385091,37.45786127626321);
Insert into JOADB.POINT (POINT_NO,COURSE_NO,ORDER_NO,X,Y) values (316,15,12,126.88377573481802,37.46484743956966);
Insert into JOADB.POINT (POINT_NO,COURSE_NO,ORDER_NO,X,Y) values (317,15,13,126.88648735582527,37.465679005500064);
Insert into JOADB.POINT (POINT_NO,COURSE_NO,ORDER_NO,X,Y) values (318,15,14,126.8892891493127,37.466726836235594);
Insert into JOADB.POINT (POINT_NO,COURSE_NO,ORDER_NO,X,Y) values (319,16,0,126.9521637424813,37.48124824653315);
Insert into JOADB.POINT (POINT_NO,COURSE_NO,ORDER_NO,X,Y) values (320,16,1,126.94247366351846,37.48218998523544);
Insert into JOADB.POINT (POINT_NO,COURSE_NO,ORDER_NO,X,Y) values (321,17,0,126.57113837864266,33.45099543312477);
Insert into JOADB.POINT (POINT_NO,COURSE_NO,ORDER_NO,X,Y) values (322,17,1,126.57114714261003,33.44921480009279);
Insert into JOADB.POINT (POINT_NO,COURSE_NO,ORDER_NO,X,Y) values (323,17,2,126.5710990332371,33.449156029575754);
Insert into JOADB.POINT (POINT_NO,COURSE_NO,ORDER_NO,X,Y) values (324,17,3,126.57055592467991,33.449149641794946);
Insert into JOADB.POINT (POINT_NO,COURSE_NO,ORDER_NO,X,Y) values (325,17,4,126.5704595290987,33.44906816374584);
Insert into JOADB.POINT (POINT_NO,COURSE_NO,ORDER_NO,X,Y) values (326,17,5,126.57051377096376,33.448973683441935);
Insert into JOADB.POINT (POINT_NO,COURSE_NO,ORDER_NO,X,Y) values (327,17,6,126.57075547073104,33.44903312449027);
Insert into JOADB.POINT (POINT_NO,COURSE_NO,ORDER_NO,X,Y) values (328,17,7,126.57114256378675,33.44905249592652);
Insert into JOADB.POINT (POINT_NO,COURSE_NO,ORDER_NO,X,Y) values (329,17,8,126.57131415672528,33.44915226548016);
Insert into JOADB.POINT (POINT_NO,COURSE_NO,ORDER_NO,X,Y) values (330,17,9,126.57130497477951,33.45101854926168);
Insert into JOADB.POINT (POINT_NO,COURSE_NO,ORDER_NO,X,Y) values (331,17,10,126.57115446720651,33.45100450478522);
Insert into JOADB.POINT (POINT_NO,COURSE_NO,ORDER_NO,X,Y) values (332,18,0,126.88611375784338,37.525631606855065);
Insert into JOADB.POINT (POINT_NO,COURSE_NO,ORDER_NO,X,Y) values (333,18,1,126.88299052248263,37.52620519495);
Insert into JOADB.POINT (POINT_NO,COURSE_NO,ORDER_NO,X,Y) values (334,18,2,126.8871059719626,37.52783100332155);
Insert into JOADB.POINT (POINT_NO,COURSE_NO,ORDER_NO,X,Y) values (335,18,3,126.88945580780435,37.53006770928174);
Insert into JOADB.POINT (POINT_NO,COURSE_NO,ORDER_NO,X,Y) values (336,18,4,126.89141920706898,37.53361947403534);
Insert into JOADB.POINT (POINT_NO,COURSE_NO,ORDER_NO,X,Y) values (337,18,5,126.89139339094588,37.535817891259974);
Insert into JOADB.POINT (POINT_NO,COURSE_NO,ORDER_NO,X,Y) values (338,18,6,126.88678707013985,37.54421088094826);
Insert into JOADB.POINT (POINT_NO,COURSE_NO,ORDER_NO,X,Y) values (339,18,7,126.8863109933769,37.54475102286965);
Insert into JOADB.POINT (POINT_NO,COURSE_NO,ORDER_NO,X,Y) values (340,18,8,126.88621885193895,37.5458141126331);
Insert into JOADB.POINT (POINT_NO,COURSE_NO,ORDER_NO,X,Y) values (341,18,9,126.8820967016921,37.547828305271);
Insert into JOADB.POINT (POINT_NO,COURSE_NO,ORDER_NO,X,Y) values (342,18,10,126.88089632862987,37.54836769955749);
Insert into JOADB.POINT (POINT_NO,COURSE_NO,ORDER_NO,X,Y) values (343,18,11,126.87817383200165,37.55241941257706);
Insert into JOADB.POINT (POINT_NO,COURSE_NO,ORDER_NO,X,Y) values (344,18,12,126.87805828530975,37.55387890920021);
Insert into JOADB.POINT (POINT_NO,COURSE_NO,ORDER_NO,X,Y) values (345,19,0,128.62259511268078,34.897565283450156);
Insert into JOADB.POINT (POINT_NO,COURSE_NO,ORDER_NO,X,Y) values (346,19,1,128.62307467032988,34.89525162067987);
Insert into JOADB.POINT (POINT_NO,COURSE_NO,ORDER_NO,X,Y) values (347,19,2,128.62322553502742,34.89402387421903);
Insert into JOADB.POINT (POINT_NO,COURSE_NO,ORDER_NO,X,Y) values (348,19,3,128.62363672415282,34.892684496932034);
Insert into JOADB.POINT (POINT_NO,COURSE_NO,ORDER_NO,X,Y) values (349,19,4,128.62401692829343,34.891994449072456);
Insert into JOADB.POINT (POINT_NO,COURSE_NO,ORDER_NO,X,Y) values (350,19,5,128.62142621819044,34.8915243279862);
Insert into JOADB.POINT (POINT_NO,COURSE_NO,ORDER_NO,X,Y) values (351,19,6,128.6204217120299,34.893844986590395);
Insert into JOADB.POINT (POINT_NO,COURSE_NO,ORDER_NO,X,Y) values (352,19,7,128.6158215798704,34.891310566030846);
Insert into JOADB.POINT (POINT_NO,COURSE_NO,ORDER_NO,X,Y) values (353,19,8,128.61684525700673,34.88996306494563);
Insert into JOADB.POINT (POINT_NO,COURSE_NO,ORDER_NO,X,Y) values (354,19,9,128.61789850867385,34.88789414188146);
Insert into JOADB.POINT (POINT_NO,COURSE_NO,ORDER_NO,X,Y) values (355,19,10,128.62256756226944,34.88949024191859);
Insert into JOADB.POINT (POINT_NO,COURSE_NO,ORDER_NO,X,Y) values (356,19,11,128.62177119548426,34.891267368264664);
Insert into JOADB.POINT (POINT_NO,COURSE_NO,ORDER_NO,X,Y) values (357,19,12,128.62427512447013,34.89177469290411);
Insert into JOADB.POINT (POINT_NO,COURSE_NO,ORDER_NO,X,Y) values (358,19,13,128.62490570340535,34.89046842987351);
Insert into JOADB.POINT (POINT_NO,COURSE_NO,ORDER_NO,X,Y) values (359,20,0,127.02145648056133,37.51180911708215);
Insert into JOADB.POINT (POINT_NO,COURSE_NO,ORDER_NO,X,Y) values (360,20,1,127.03384098390742,37.485064350504146);
Insert into JOADB.POINT (POINT_NO,COURSE_NO,ORDER_NO,X,Y) values (361,20,2,127.04596265741472,37.486501869879156);
Insert into JOADB.POINT (POINT_NO,COURSE_NO,ORDER_NO,X,Y) values (362,20,3,127.05519234095107,37.49089483655946);
Insert into JOADB.POINT (POINT_NO,COURSE_NO,ORDER_NO,X,Y) values (363,20,4,127.0635178349313,37.49456676275618);
Insert into JOADB.POINT (POINT_NO,COURSE_NO,ORDER_NO,X,Y) values (364,20,5,127.0701238075338,37.4967254422064);
Insert into JOADB.POINT (POINT_NO,COURSE_NO,ORDER_NO,X,Y) values (365,20,6,127.05720485602858,37.52023060718012);
Insert into JOADB.POINT (POINT_NO,COURSE_NO,ORDER_NO,X,Y) values (366,20,7,127.0507742622052,37.51230471546532);
Insert into JOADB.POINT (POINT_NO,COURSE_NO,ORDER_NO,X,Y) values (367,20,8,127.03448449891881,37.50755329035473);
Insert into JOADB.POINT (POINT_NO,COURSE_NO,ORDER_NO,X,Y) values (368,20,9,127.02127557005547,37.51202539083494);
Insert into JOADB.POINT (POINT_NO,COURSE_NO,ORDER_NO,X,Y) values (369,21,0,126.97699695006386,37.57568968460076);
Insert into JOADB.POINT (POINT_NO,COURSE_NO,ORDER_NO,X,Y) values (370,21,1,126.97441584392386,37.57585133244809);
Insert into JOADB.POINT (POINT_NO,COURSE_NO,ORDER_NO,X,Y) values (371,21,2,126.97382555461438,37.580500332823995);
Insert into JOADB.POINT (POINT_NO,COURSE_NO,ORDER_NO,X,Y) values (372,21,3,126.97366595446823,37.58363575487339);
Insert into JOADB.POINT (POINT_NO,COURSE_NO,ORDER_NO,X,Y) values (373,21,4,126.97620191846407,37.58387055163816);
Insert into JOADB.POINT (POINT_NO,COURSE_NO,ORDER_NO,X,Y) values (374,21,5,126.97932678482776,37.58352876281534);
Insert into JOADB.POINT (POINT_NO,COURSE_NO,ORDER_NO,X,Y) values (375,21,6,126.98023274508543,37.58264594446898);
Insert into JOADB.POINT (POINT_NO,COURSE_NO,ORDER_NO,X,Y) values (376,21,7,126.98021056484974,37.58089801316157);
Insert into JOADB.POINT (POINT_NO,COURSE_NO,ORDER_NO,X,Y) values (377,21,8,126.97959972719549,37.57904186178865);
Insert into JOADB.POINT (POINT_NO,COURSE_NO,ORDER_NO,X,Y) values (378,21,9,126.97953251204287,37.57644698680313);
Insert into JOADB.POINT (POINT_NO,COURSE_NO,ORDER_NO,X,Y) values (379,21,10,126.9790345964189,37.57578016351825);
Insert into JOADB.POINT (POINT_NO,COURSE_NO,ORDER_NO,X,Y) values (380,21,11,126.97701959085936,37.57568968901032);
Insert into JOADB.POINT (POINT_NO,COURSE_NO,ORDER_NO,X,Y) values (381,22,0,128.62860618758847,34.882879745815714);
Insert into JOADB.POINT (POINT_NO,COURSE_NO,ORDER_NO,X,Y) values (382,22,1,128.63398080512397,34.8759218811006);
Insert into JOADB.POINT (POINT_NO,COURSE_NO,ORDER_NO,X,Y) values (383,22,2,128.6320258930094,34.874397952017716);
Insert into JOADB.POINT (POINT_NO,COURSE_NO,ORDER_NO,X,Y) values (384,22,3,128.62909508554299,34.874401214694444);
Insert into JOADB.POINT (POINT_NO,COURSE_NO,ORDER_NO,X,Y) values (385,22,4,128.624949935088,34.877160523050016);
Insert into JOADB.POINT (POINT_NO,COURSE_NO,ORDER_NO,X,Y) values (386,22,5,128.62623740115154,34.87811668205952);
Insert into JOADB.POINT (POINT_NO,COURSE_NO,ORDER_NO,X,Y) values (387,22,6,128.62779583763984,34.87950181008992);
Insert into JOADB.POINT (POINT_NO,COURSE_NO,ORDER_NO,X,Y) values (388,22,7,128.63185096204697,34.87440030051463);
Insert into JOADB.POINT (POINT_NO,COURSE_NO,ORDER_NO,X,Y) values (389,22,8,128.63069865312787,34.87585780367533);
Insert into JOADB.POINT (POINT_NO,COURSE_NO,ORDER_NO,X,Y) values (390,22,9,128.62901259793654,34.87465467714437);
Insert into JOADB.POINT (POINT_NO,COURSE_NO,ORDER_NO,X,Y) values (391,22,10,128.62745526272158,34.87554076150882);
Insert into JOADB.POINT (POINT_NO,COURSE_NO,ORDER_NO,X,Y) values (392,22,11,128.6295463041138,34.87731529670128);
Insert into JOADB.POINT (POINT_NO,COURSE_NO,ORDER_NO,X,Y) values (393,22,12,128.62817666109888,34.87884779187536);
Insert into JOADB.POINT (POINT_NO,COURSE_NO,ORDER_NO,X,Y) values (394,22,13,128.62607637898873,34.8766046942116);
Insert into JOADB.POINT (POINT_NO,COURSE_NO,ORDER_NO,X,Y) values (395,22,14,128.624949935088,34.877160523050016);
Insert into JOADB.POINT (POINT_NO,COURSE_NO,ORDER_NO,X,Y) values (396,22,15,128.62779868062876,34.87964597593039);
Insert into JOADB.POINT (POINT_NO,COURSE_NO,ORDER_NO,X,Y) values (397,22,16,128.6265349067535,34.882114360530615);
Insert into JOADB.POINT (POINT_NO,COURSE_NO,ORDER_NO,X,Y) values (398,22,17,128.62856102794797,34.882808249003205);
Insert into JOADB.POINT (POINT_NO,COURSE_NO,ORDER_NO,X,Y) values (399,23,0,128.62748471462774,34.87925361939697);
Insert into JOADB.POINT (POINT_NO,COURSE_NO,ORDER_NO,X,Y) values (400,23,1,128.62503669431754,34.87712331219296);
Insert into JOADB.POINT (POINT_NO,COURSE_NO,ORDER_NO,X,Y) values (401,23,2,128.6259839417874,34.876353573699376);
Insert into JOADB.POINT (POINT_NO,COURSE_NO,ORDER_NO,X,Y) values (402,23,3,128.62799745549253,34.87863388632519);
Insert into JOADB.POINT (POINT_NO,COURSE_NO,ORDER_NO,X,Y) values (403,23,4,128.62905882520886,34.876997372054305);
Insert into JOADB.POINT (POINT_NO,COURSE_NO,ORDER_NO,X,Y) values (404,23,5,128.62749615413168,34.875396010013134);
Insert into JOADB.POINT (POINT_NO,COURSE_NO,ORDER_NO,X,Y) values (405,23,6,128.6260714095955,34.87635240364595);
Insert into JOADB.POINT (POINT_NO,COURSE_NO,ORDER_NO,X,Y) values (406,23,7,128.6289187321191,34.87433147603321);
Insert into JOADB.POINT (POINT_NO,COURSE_NO,ORDER_NO,X,Y) values (407,23,8,128.6305187361141,34.87560786030976);
Insert into JOADB.POINT (POINT_NO,COURSE_NO,ORDER_NO,X,Y) values (408,23,9,128.63145950393766,34.87451370798729);
Insert into JOADB.POINT (POINT_NO,COURSE_NO,ORDER_NO,X,Y) values (409,23,10,128.628919443218,34.87436751750421);
Insert into JOADB.POINT (POINT_NO,COURSE_NO,ORDER_NO,X,Y) values (410,23,11,128.63052015977726,34.87567994317896);
Insert into JOADB.POINT (POINT_NO,COURSE_NO,ORDER_NO,X,Y) values (411,23,12,128.62731261509708,34.879400127524534);
Insert into JOADB.POINT (POINT_NO,COURSE_NO,ORDER_NO,X,Y) values (412,23,13,128.6264044061201,34.88215215780882);
Insert into JOADB.POINT (POINT_NO,COURSE_NO,ORDER_NO,X,Y) values (413,23,14,128.62877971427378,34.8828053186465);
Insert into JOADB.POINT (POINT_NO,COURSE_NO,ORDER_NO,X,Y) values (414,23,15,128.63406541858535,34.87577653982858);
Insert into JOADB.POINT (POINT_NO,COURSE_NO,ORDER_NO,X,Y) values (415,23,16,128.63167816798054,34.87451077302255);
Insert into JOADB.POINT (POINT_NO,COURSE_NO,ORDER_NO,X,Y) values (416,24,0,128.60267921879645,34.89047065297257);
Insert into JOADB.POINT (POINT_NO,COURSE_NO,ORDER_NO,X,Y) values (417,24,1,128.60319151624662,34.88981497683706);
Insert into JOADB.POINT (POINT_NO,COURSE_NO,ORDER_NO,X,Y) values (418,24,2,128.60397255807194,34.88948021176515);
Insert into JOADB.POINT (POINT_NO,COURSE_NO,ORDER_NO,X,Y) values (419,24,3,128.60365516131242,34.888907583033);
Insert into JOADB.POINT (POINT_NO,COURSE_NO,ORDER_NO,X,Y) values (420,24,4,128.60290526238884,34.88859301583719);
Insert into JOADB.POINT (POINT_NO,COURSE_NO,ORDER_NO,X,Y) values (421,24,5,128.6025469357784,34.88816512813213);
Insert into JOADB.POINT (POINT_NO,COURSE_NO,ORDER_NO,X,Y) values (422,24,6,128.60288705979406,34.887655927674125);
Insert into JOADB.POINT (POINT_NO,COURSE_NO,ORDER_NO,X,Y) values (423,24,7,128.6038402416636,34.88717468891239);
Insert into JOADB.POINT (POINT_NO,COURSE_NO,ORDER_NO,X,Y) values (424,24,8,128.60509748801033,34.88658127432555);
Insert into JOADB.POINT (POINT_NO,COURSE_NO,ORDER_NO,X,Y) values (425,24,9,128.60600059202747,34.885776220510806);
Insert into JOADB.POINT (POINT_NO,COURSE_NO,ORDER_NO,X,Y) values (426,24,10,128.60712868968025,34.88529264496512);
Insert into JOADB.POINT (POINT_NO,COURSE_NO,ORDER_NO,X,Y) values (427,24,11,128.60975021825666,34.88511374821499);
Insert into JOADB.POINT (POINT_NO,COURSE_NO,ORDER_NO,X,Y) values (428,24,12,128.61234427214725,34.883529168600504);
Insert into JOADB.POINT (POINT_NO,COURSE_NO,ORDER_NO,X,Y) values (429,24,13,128.61566341779493,34.88323273576102);
Insert into JOADB.POINT (POINT_NO,COURSE_NO,ORDER_NO,X,Y) values (430,24,14,128.61796180332877,34.884427896563835);
Insert into JOADB.POINT (POINT_NO,COURSE_NO,ORDER_NO,X,Y) values (431,24,15,128.61618758669115,34.88542487945154);
Insert into JOADB.POINT (POINT_NO,COURSE_NO,ORDER_NO,X,Y) values (432,24,16,128.6144895237917,34.88584400889192);
Insert into JOADB.POINT (POINT_NO,COURSE_NO,ORDER_NO,X,Y) values (433,24,17,128.61318368859577,34.88618580736814);
Insert into JOADB.POINT (POINT_NO,COURSE_NO,ORDER_NO,X,Y) values (434,24,18,128.61835403498213,34.88435057254461);
Insert into JOADB.POINT (POINT_NO,COURSE_NO,ORDER_NO,X,Y) values (435,24,19,128.6197966910488,34.884295303787376);
Insert into JOADB.POINT (POINT_NO,COURSE_NO,ORDER_NO,X,Y) values (436,24,20,128.62420455663337,34.88596692670537);
Insert into JOADB.POINT (POINT_NO,COURSE_NO,ORDER_NO,X,Y) values (437,24,21,128.62234664309528,34.88938053190176);
Insert into JOADB.POINT (POINT_NO,COURSE_NO,ORDER_NO,X,Y) values (438,24,22,128.6209391460125,34.88900275160458);
Insert into JOADB.POINT (POINT_NO,COURSE_NO,ORDER_NO,X,Y) values (439,24,23,128.62256889113178,34.88955781972105);
Insert into JOADB.POINT (POINT_NO,COURSE_NO,ORDER_NO,X,Y) values (440,24,24,128.62112064349486,34.89155994906293);
Insert into JOADB.POINT (POINT_NO,COURSE_NO,ORDER_NO,X,Y) values (441,24,25,128.61782655751475,34.89091887618367);
Insert into JOADB.POINT (POINT_NO,COURSE_NO,ORDER_NO,X,Y) values (442,24,26,128.6161537788779,34.89040036772652);
Insert into JOADB.POINT (POINT_NO,COURSE_NO,ORDER_NO,X,Y) values (443,24,27,128.61560207565742,34.89127292688445);
Insert into JOADB.POINT (POINT_NO,COURSE_NO,ORDER_NO,X,Y) values (444,24,28,128.61604796708843,34.891699610366494);
Insert into JOADB.POINT (POINT_NO,COURSE_NO,ORDER_NO,X,Y) values (445,24,29,128.61540735778306,34.89250124883956);
Insert into JOADB.POINT (POINT_NO,COURSE_NO,ORDER_NO,X,Y) values (446,24,30,128.61344457405457,34.892815730824154);
Insert into JOADB.POINT (POINT_NO,COURSE_NO,ORDER_NO,X,Y) values (447,24,31,128.61139006428328,34.89291509149798);
Insert into JOADB.POINT (POINT_NO,COURSE_NO,ORDER_NO,X,Y) values (448,24,32,128.61139006428328,34.89291509149798);
Insert into JOADB.POINT (POINT_NO,COURSE_NO,ORDER_NO,X,Y) values (449,24,33,128.61321242050167,34.894369005382686);
Insert into JOADB.POINT (POINT_NO,COURSE_NO,ORDER_NO,X,Y) values (450,24,34,128.60925298301768,34.89326786802885);
Insert into JOADB.POINT (POINT_NO,COURSE_NO,ORDER_NO,X,Y) values (451,24,35,128.60432359721062,34.89178284642034);
Insert into JOADB.POINT (POINT_NO,COURSE_NO,ORDER_NO,X,Y) values (452,24,36,128.60276950299598,34.89061366664069);
Insert into JOADB.POINT (POINT_NO,COURSE_NO,ORDER_NO,X,Y) values (453,24,37,128.6032811002406,34.88992194829987);
Insert into JOADB.POINT (POINT_NO,COURSE_NO,ORDER_NO,X,Y) values (454,24,38,128.60410658473043,34.88962264713868);
Insert into JOADB.POINT (POINT_NO,COURSE_NO,ORDER_NO,X,Y) values (455,24,39,128.6065313070759,34.890563998041735);
Insert into JOADB.POINT (POINT_NO,COURSE_NO,ORDER_NO,X,Y) values (456,24,40,128.6052169473555,34.890473212119915);
Insert into JOADB.POINT (POINT_NO,COURSE_NO,ORDER_NO,X,Y) values (457,24,41,128.6053849022386,34.89011048306266);
Insert into JOADB.POINT (POINT_NO,COURSE_NO,ORDER_NO,X,Y) values (458,25,0,128.6885842960959,34.89350732734432);
Insert into JOADB.POINT (POINT_NO,COURSE_NO,ORDER_NO,X,Y) values (459,25,1,128.6875566138838,34.89460311818957);
Insert into JOADB.POINT (POINT_NO,COURSE_NO,ORDER_NO,X,Y) values (460,25,2,128.68733175590648,34.89644481672308);
Insert into JOADB.POINT (POINT_NO,COURSE_NO,ORDER_NO,X,Y) values (461,25,3,128.68925940726518,34.89656223770317);
Insert into JOADB.POINT (POINT_NO,COURSE_NO,ORDER_NO,X,Y) values (462,25,4,128.68961452030516,34.89680965419642);
Insert into JOADB.POINT (POINT_NO,COURSE_NO,ORDER_NO,X,Y) values (463,25,5,128.69052057395447,34.89618419474704);
Insert into JOADB.POINT (POINT_NO,COURSE_NO,ORDER_NO,X,Y) values (464,25,6,128.69139912817445,34.896352222112256);
Insert into JOADB.POINT (POINT_NO,COURSE_NO,ORDER_NO,X,Y) values (465,25,7,128.69045155199302,34.89708641711177);
Insert into JOADB.POINT (POINT_NO,COURSE_NO,ORDER_NO,X,Y) values (466,25,8,128.69042479570027,34.897915950429976);
Insert into JOADB.POINT (POINT_NO,COURSE_NO,ORDER_NO,X,Y) values (467,25,9,128.69252745953986,34.898030884219146);
Insert into JOADB.POINT (POINT_NO,COURSE_NO,ORDER_NO,X,Y) values (468,25,10,128.69245476139005,34.8987529060588);
Insert into JOADB.POINT (POINT_NO,COURSE_NO,ORDER_NO,X,Y) values (469,25,11,128.69446403632784,34.898580702993605);
Insert into JOADB.POINT (POINT_NO,COURSE_NO,ORDER_NO,X,Y) values (470,25,12,128.69541011054088,34.897774397174146);
Insert into JOADB.POINT (POINT_NO,COURSE_NO,ORDER_NO,X,Y) values (471,25,13,128.6968551351952,34.89782632862927);
Insert into JOADB.POINT (POINT_NO,COURSE_NO,ORDER_NO,X,Y) values (472,25,14,128.69648665485704,34.89693021233917);
Insert into JOADB.POINT (POINT_NO,COURSE_NO,ORDER_NO,X,Y) values (473,25,15,128.69743936482197,34.896448252442795);
Insert into JOADB.POINT (POINT_NO,COURSE_NO,ORDER_NO,X,Y) values (474,25,16,128.69782563369503,34.89608235186246);
Insert into JOADB.POINT (POINT_NO,COURSE_NO,ORDER_NO,X,Y) values (475,25,17,128.69926914415333,34.896062175305296);
Insert into JOADB.POINT (POINT_NO,COURSE_NO,ORDER_NO,X,Y) values (476,25,18,128.70147995053145,34.895057879277196);
Insert into JOADB.POINT (POINT_NO,COURSE_NO,ORDER_NO,X,Y) values (477,25,19,128.68866809081817,34.89332591040913);
Insert into JOADB.POINT (POINT_NO,COURSE_NO,ORDER_NO,X,Y) values (478,25,20,128.68742391287333,34.89453285985468);
Insert into JOADB.POINT (POINT_NO,COURSE_NO,ORDER_NO,X,Y) values (479,25,21,128.6873607550508,34.895723403846866);
Insert into JOADB.POINT (POINT_NO,COURSE_NO,ORDER_NO,X,Y) values (480,25,22,128.69038860647746,34.89614998003058);
Insert into JOADB.POINT (POINT_NO,COURSE_NO,ORDER_NO,X,Y) values (481,25,23,128.69319259218526,34.89632724633837);
Insert into JOADB.POINT (POINT_NO,COURSE_NO,ORDER_NO,X,Y) values (482,25,24,128.69581865148376,34.896362728988116);
Insert into JOADB.POINT (POINT_NO,COURSE_NO,ORDER_NO,X,Y) values (483,25,25,128.6962864668609,34.89783426807016);
Insert into JOADB.POINT (POINT_NO,COURSE_NO,ORDER_NO,X,Y) values (484,25,26,128.69510686702725,34.89792282942146);
Insert into JOADB.POINT (POINT_NO,COURSE_NO,ORDER_NO,X,Y) values (485,25,27,128.6944225132231,34.898689433348785);
Insert into JOADB.POINT (POINT_NO,COURSE_NO,ORDER_NO,X,Y) values (486,25,28,128.69365888090812,34.897726716600225);
Insert into JOADB.POINT (POINT_NO,COURSE_NO,ORDER_NO,X,Y) values (487,25,29,128.69408521549073,34.89718001693004);
Insert into JOADB.POINT (POINT_NO,COURSE_NO,ORDER_NO,X,Y) values (488,25,30,128.69259571957872,34.897092621267944);
Insert into JOADB.POINT (POINT_NO,COURSE_NO,ORDER_NO,X,Y) values (489,25,31,128.69252672003125,34.89799484405225);
Insert into JOADB.POINT (POINT_NO,COURSE_NO,ORDER_NO,X,Y) values (490,25,32,128.69366332090257,34.89794295748111);
Insert into JOADB.POINT (POINT_NO,COURSE_NO,ORDER_NO,X,Y) values (491,25,33,128.69452487079872,34.89728203832766);
Insert into JOADB.POINT (POINT_NO,COURSE_NO,ORDER_NO,X,Y) values (492,25,34,128.694151905299,34.89829665139214);
Insert into JOADB.POINT (POINT_NO,COURSE_NO,ORDER_NO,X,Y) values (493,25,35,128.69240362237187,34.89839311365174);
Insert into JOADB.POINT (POINT_NO,COURSE_NO,ORDER_NO,X,Y) values (494,25,36,128.69251784603006,34.897562362031586);
Insert into JOADB.POINT (POINT_NO,COURSE_NO,ORDER_NO,X,Y) values (495,25,37,128.69365740092047,34.897654636304765);
Insert into JOADB.POINT (POINT_NO,COURSE_NO,ORDER_NO,X,Y) values (496,25,38,128.6938249750507,34.89729179602005);
Insert into JOADB.POINT (POINT_NO,COURSE_NO,ORDER_NO,X,Y) values (497,25,39,128.69493263237294,34.89796131022124);
Insert into JOADB.POINT (POINT_NO,COURSE_NO,ORDER_NO,X,Y) values (498,25,40,128.69545385425494,34.897773786858615);
Insert into JOADB.POINT (POINT_NO,COURSE_NO,ORDER_NO,X,Y) values (499,25,41,128.69557175052302,34.89712323377774);
Insert into JOADB.POINT (POINT_NO,COURSE_NO,ORDER_NO,X,Y) values (500,25,42,128.69438623739833,34.8969234668262);
Insert into JOADB.POINT (POINT_NO,COURSE_NO,ORDER_NO,X,Y) values (501,25,43,128.6952277288872,34.897416437089774);
Insert into JOADB.POINT (POINT_NO,COURSE_NO,ORDER_NO,X,Y) values (502,25,44,128.69657933009793,34.89718127162218);
Insert into JOADB.POINT (POINT_NO,COURSE_NO,ORDER_NO,X,Y) values (503,25,45,128.69594913939144,34.89632485750453);
Insert into JOADB.POINT (POINT_NO,COURSE_NO,ORDER_NO,X,Y) values (504,25,46,128.69148735328415,34.89638704459142);
Insert into JOADB.POINT (POINT_NO,COURSE_NO,ORDER_NO,X,Y) values (505,25,47,128.6904797852337,34.89632896412521);
Insert into JOADB.POINT (POINT_NO,COURSE_NO,ORDER_NO,X,Y) values (506,25,48,128.6906392462172,34.89556968545507);
Insert into JOADB.POINT (POINT_NO,COURSE_NO,ORDER_NO,X,Y) values (507,25,49,128.68879615111678,34.89530690897887);
Insert into JOADB.POINT (POINT_NO,COURSE_NO,ORDER_NO,X,Y) values (508,25,50,128.68917728865705,34.894688753129195);
Insert into JOADB.POINT (POINT_NO,COURSE_NO,ORDER_NO,X,Y) values (509,25,51,128.69071491320744,34.89499182484011);
Insert into JOADB.POINT (POINT_NO,COURSE_NO,ORDER_NO,X,Y) values (510,25,52,128.69072673152237,34.89556846830877);
Insert into JOADB.POINT (POINT_NO,COURSE_NO,ORDER_NO,X,Y) values (511,26,0,128.60890320445642,34.89103733554482);
Insert into JOADB.POINT (POINT_NO,COURSE_NO,ORDER_NO,X,Y) values (512,26,1,128.60750310698742,34.89103783712767);
Insert into JOADB.POINT (POINT_NO,COURSE_NO,ORDER_NO,X,Y) values (513,26,2,128.60627061002157,34.890657571513344);
Insert into JOADB.POINT (POINT_NO,COURSE_NO,ORDER_NO,X,Y) values (514,26,3,128.6050773085309,34.89004244366757);
Insert into JOADB.POINT (POINT_NO,COURSE_NO,ORDER_NO,X,Y) values (515,26,4,128.6049406143272,34.888638257292754);
Insert into JOADB.POINT (POINT_NO,COURSE_NO,ORDER_NO,X,Y) values (516,26,5,128.6044150230461,34.88860914575669);
Insert into JOADB.POINT (POINT_NO,COURSE_NO,ORDER_NO,X,Y) values (517,26,6,128.60493640831416,34.888422006409165);
Insert into JOADB.POINT (POINT_NO,COURSE_NO,ORDER_NO,X,Y) values (518,26,7,128.60520192999343,34.88632753741257);
Insert into JOADB.POINT (POINT_NO,COURSE_NO,ORDER_NO,X,Y) values (519,26,8,128.60719429825104,34.88529177741129);
Insert into JOADB.POINT (POINT_NO,COURSE_NO,ORDER_NO,X,Y) values (520,26,9,128.6098814349419,34.88511201025018);
Insert into JOADB.POINT (POINT_NO,COURSE_NO,ORDER_NO,X,Y) values (521,26,10,128.60906655837675,34.8859519754218);
Insert into JOADB.POINT (POINT_NO,COURSE_NO,ORDER_NO,X,Y) values (522,26,11,128.60895642127096,34.88703496519599);
Insert into JOADB.POINT (POINT_NO,COURSE_NO,ORDER_NO,X,Y) values (523,26,12,128.60881518975182,34.88876728519888);
Insert into JOADB.POINT (POINT_NO,COURSE_NO,ORDER_NO,X,Y) values (524,26,13,128.61414698186735,34.88846225767589);
Insert into JOADB.POINT (POINT_NO,COURSE_NO,ORDER_NO,X,Y) values (525,26,14,128.61531704131025,34.88788792158573);
Insert into JOADB.POINT (POINT_NO,COURSE_NO,ORDER_NO,X,Y) values (526,26,15,128.61414768688937,34.88849829932684);
Insert into JOADB.POINT (POINT_NO,COURSE_NO,ORDER_NO,X,Y) values (527,26,16,128.6088370601782,34.888766995689814);
Insert into JOADB.POINT (POINT_NO,COURSE_NO,ORDER_NO,X,Y) values (528,26,17,128.6088587596224,34.89100187288577);
Insert into JOADB.POINT (POINT_NO,COURSE_NO,ORDER_NO,X,Y) values (529,27,0,126.5610986251037,33.45943985448276);
Insert into JOADB.POINT (POINT_NO,COURSE_NO,ORDER_NO,X,Y) values (530,27,1,126.56117342814761,33.457402503230604);
Insert into JOADB.POINT (POINT_NO,COURSE_NO,ORDER_NO,X,Y) values (531,27,2,126.5632169008321,33.457445783120086);
Insert into JOADB.POINT (POINT_NO,COURSE_NO,ORDER_NO,X,Y) values (532,27,3,126.56326869409207,33.45569686082471);
Insert into JOADB.POINT (POINT_NO,COURSE_NO,ORDER_NO,X,Y) values (533,27,4,126.56380684834306,33.45562662722749);
Insert into JOADB.POINT (POINT_NO,COURSE_NO,ORDER_NO,X,Y) values (534,27,5,126.5642171944116,33.45530349397088);
Insert into JOADB.POINT (POINT_NO,COURSE_NO,ORDER_NO,X,Y) values (535,27,6,126.56434933003052,33.45469086987374);
Insert into JOADB.POINT (POINT_NO,COURSE_NO,ORDER_NO,X,Y) values (536,27,7,126.56435681390813,33.45319423881065);
Insert into JOADB.POINT (POINT_NO,COURSE_NO,ORDER_NO,X,Y) values (537,27,8,126.55753816288849,33.45309796573263);
Insert into JOADB.POINT (POINT_NO,COURSE_NO,ORDER_NO,X,Y) values (538,27,9,126.55749056147437,33.45399939640497);
Insert into JOADB.POINT (POINT_NO,COURSE_NO,ORDER_NO,X,Y) values (539,27,10,126.55772599563012,33.45423465255871);
Insert into JOADB.POINT (POINT_NO,COURSE_NO,ORDER_NO,X,Y) values (540,27,11,126.5588229830785,33.45425659274224);
Insert into JOADB.POINT (POINT_NO,COURSE_NO,ORDER_NO,X,Y) values (541,27,12,126.559360858175,33.45424047344215);
Insert into JOADB.POINT (POINT_NO,COURSE_NO,ORDER_NO,X,Y) values (542,27,13,126.55976975611817,33.45420586191963);
Insert into JOADB.POINT (POINT_NO,COURSE_NO,ORDER_NO,X,Y) values (543,27,14,126.56116517802815,33.454769800988515);
Insert into JOADB.POINT (POINT_NO,COURSE_NO,ORDER_NO,X,Y) values (544,27,15,126.56026142254096,33.454820695013645);
Insert into JOADB.POINT (POINT_NO,COURSE_NO,ORDER_NO,X,Y) values (545,27,16,126.56025678056484,33.45574031098857);
Insert into JOADB.POINT (POINT_NO,COURSE_NO,ORDER_NO,X,Y) values (546,27,17,126.56122498992674,33.45570767717097);
Insert into JOADB.POINT (POINT_NO,COURSE_NO,ORDER_NO,X,Y) values (547,27,18,126.56119666609361,33.45705997740436);
Insert into JOADB.POINT (POINT_NO,COURSE_NO,ORDER_NO,X,Y) values (548,27,19,126.56007949639435,33.45676750640212);
Insert into JOADB.POINT (POINT_NO,COURSE_NO,ORDER_NO,X,Y) values (549,27,20,126.55874867664565,33.45618575310539);
Insert into JOADB.POINT (POINT_NO,COURSE_NO,ORDER_NO,X,Y) values (550,27,21,126.55788856952512,33.45611056105454);
Insert into JOADB.POINT (POINT_NO,COURSE_NO,ORDER_NO,X,Y) values (551,27,22,126.55763134346958,33.455929323517935);
Insert into JOADB.POINT (POINT_NO,COURSE_NO,ORDER_NO,X,Y) values (552,27,23,126.55668500943901,33.455889879457075);
Insert into JOADB.POINT (POINT_NO,COURSE_NO,ORDER_NO,X,Y) values (553,27,24,126.55644737025854,33.456087381570576);
Insert into JOADB.POINT (POINT_NO,COURSE_NO,ORDER_NO,X,Y) values (554,27,25,126.55659712683924,33.4562502052534);
Insert into JOADB.POINT (POINT_NO,COURSE_NO,ORDER_NO,X,Y) values (555,27,26,126.55722937575342,33.4588310406168);
Insert into JOADB.POINT (POINT_NO,COURSE_NO,ORDER_NO,X,Y) values (556,27,27,126.56038752489023,33.45967175100477);
Insert into JOADB.POINT (POINT_NO,COURSE_NO,ORDER_NO,X,Y) values (557,27,28,126.56109880682294,33.45940379113125);
Insert into JOADB.POINT (POINT_NO,COURSE_NO,ORDER_NO,X,Y) values (558,28,0,127.13299914226212,37.566967457368186);
Insert into JOADB.POINT (POINT_NO,COURSE_NO,ORDER_NO,X,Y) values (559,28,1,127.12410420185837,37.554435274397754);
Insert into JOADB.POINT (POINT_NO,COURSE_NO,ORDER_NO,X,Y) values (560,28,2,127.118830840727,37.54045720471402);
Insert into JOADB.POINT (POINT_NO,COURSE_NO,ORDER_NO,X,Y) values (561,28,3,127.11067548360545,37.53469873009887);
Insert into JOADB.POINT (POINT_NO,COURSE_NO,ORDER_NO,X,Y) values (562,28,4,127.10867414785348,37.52778090162845);
Insert into JOADB.POINT (POINT_NO,COURSE_NO,ORDER_NO,X,Y) values (563,28,5,127.09327715176008,37.51885612351464);
Insert into JOADB.POINT (POINT_NO,COURSE_NO,ORDER_NO,X,Y) values (564,28,6,127.0867593888702,37.51698700449766);
Insert into JOADB.POINT (POINT_NO,COURSE_NO,ORDER_NO,X,Y) values (565,28,7,127.0699291992973,37.51843977302612);
Insert into JOADB.POINT (POINT_NO,COURSE_NO,ORDER_NO,X,Y) values (566,28,8,127.063414736774,37.51974089470533);
Insert into JOADB.POINT (POINT_NO,COURSE_NO,ORDER_NO,X,Y) values (567,28,9,127.05292326859687,37.52825152392095);
Insert into JOADB.POINT (POINT_NO,COURSE_NO,ORDER_NO,X,Y) values (568,28,10,127.02794603730943,37.53460312447969);
Insert into JOADB.POINT (POINT_NO,COURSE_NO,ORDER_NO,X,Y) values (569,28,11,127.00296342702167,37.5121173701537);
Insert into JOADB.POINT (POINT_NO,COURSE_NO,ORDER_NO,X,Y) values (570,28,12,126.99174372660757,37.506639010269375);
Insert into JOADB.POINT (POINT_NO,COURSE_NO,ORDER_NO,X,Y) values (571,28,13,126.98124858560728,37.504619558723135);
Insert into JOADB.POINT (POINT_NO,COURSE_NO,ORDER_NO,X,Y) values (572,28,14,126.97455292557046,37.50562743206211);
Insert into JOADB.POINT (POINT_NO,COURSE_NO,ORDER_NO,X,Y) values (573,28,15,126.94667653536541,37.518304276702374);
Insert into JOADB.POINT (POINT_NO,COURSE_NO,ORDER_NO,X,Y) values (574,28,16,126.94215218184657,37.51786966591918);
Insert into JOADB.POINT (POINT_NO,COURSE_NO,ORDER_NO,X,Y) values (575,28,17,126.93381916680089,37.52651491547094);
Insert into JOADB.POINT (POINT_NO,COURSE_NO,ORDER_NO,X,Y) values (576,28,18,126.91426147433387,37.53428698724118);
Insert into JOADB.POINT (POINT_NO,COURSE_NO,ORDER_NO,X,Y) values (577,28,19,126.91028097503487,37.53255410887601);
Insert into JOADB.POINT (POINT_NO,COURSE_NO,ORDER_NO,X,Y) values (578,28,20,126.88944325935859,37.5462316349339);
Insert into JOADB.POINT (POINT_NO,COURSE_NO,ORDER_NO,X,Y) values (579,28,21,126.8370485099364,37.57831848040458);
Insert into JOADB.POINT (POINT_NO,COURSE_NO,ORDER_NO,X,Y) values (580,28,22,126.8042255271397,37.59282863423836);
Insert into JOADB.POINT (POINT_NO,COURSE_NO,ORDER_NO,X,Y) values (581,28,23,126.81759774676361,37.606833416443166);
Insert into JOADB.POINT (POINT_NO,COURSE_NO,ORDER_NO,X,Y) values (582,28,24,126.82612191197505,37.60353064384375);
Insert into JOADB.POINT (POINT_NO,COURSE_NO,ORDER_NO,X,Y) values (583,28,25,126.83702022641002,37.59129272919207);
Insert into JOADB.POINT (POINT_NO,COURSE_NO,ORDER_NO,X,Y) values (584,28,26,126.8915958727374,37.56007295352647);
Insert into JOADB.POINT (POINT_NO,COURSE_NO,ORDER_NO,X,Y) values (585,28,27,126.91407002674057,37.54336892732747);
Insert into JOADB.POINT (POINT_NO,COURSE_NO,ORDER_NO,X,Y) values (586,28,28,126.92493174958399,37.544529610761934);
Insert into JOADB.POINT (POINT_NO,COURSE_NO,ORDER_NO,X,Y) values (587,28,29,126.93290018257005,37.54208368936646);
Insert into JOADB.POINT (POINT_NO,COURSE_NO,ORDER_NO,X,Y) values (588,28,30,126.93869362062384,37.54208683922035);
Insert into JOADB.POINT (POINT_NO,COURSE_NO,ORDER_NO,X,Y) values (589,28,31,126.9430440728561,37.535025176788174);
Insert into JOADB.POINT (POINT_NO,COURSE_NO,ORDER_NO,X,Y) values (590,28,32,126.9497433630765,37.533154136063644);
Insert into JOADB.POINT (POINT_NO,COURSE_NO,ORDER_NO,X,Y) values (591,28,33,126.95282357566323,37.52868644015924);
Insert into JOADB.POINT (POINT_NO,COURSE_NO,ORDER_NO,X,Y) values (592,28,34,126.95499867134608,37.52378583788186);
Insert into JOADB.POINT (POINT_NO,COURSE_NO,ORDER_NO,X,Y) values (593,28,35,126.97581613612584,37.516439750443084);
Insert into JOADB.POINT (POINT_NO,COURSE_NO,ORDER_NO,X,Y) values (594,28,36,126.98938986666931,37.5164417497016);
Insert into JOADB.POINT (POINT_NO,COURSE_NO,ORDER_NO,X,Y) values (595,28,37,127.00024887041518,37.522064485841035);
Insert into JOADB.POINT (POINT_NO,COURSE_NO,ORDER_NO,X,Y) values (596,28,38,127.00586019551913,37.52754243489659);
Insert into JOADB.POINT (POINT_NO,COURSE_NO,ORDER_NO,X,Y) values (597,28,39,127.0103859226737,37.53100196993763);
Insert into JOADB.POINT (POINT_NO,COURSE_NO,ORDER_NO,X,Y) values (598,28,40,127.0185340272965,37.54022721911875);
Insert into JOADB.POINT (POINT_NO,COURSE_NO,ORDER_NO,X,Y) values (599,28,41,127.02668234163744,37.544406297398424);
Insert into JOADB.POINT (POINT_NO,COURSE_NO,ORDER_NO,X,Y) values (600,28,42,127.08206500930287,37.527225747856804);
Insert into JOADB.POINT (POINT_NO,COURSE_NO,ORDER_NO,X,Y) values (601,28,43,127.08876404781766,37.528662505490026);
Insert into JOADB.POINT (POINT_NO,COURSE_NO,ORDER_NO,X,Y) values (602,28,44,127.09673771482774,37.535720090190694);
Insert into JOADB.POINT (POINT_NO,COURSE_NO,ORDER_NO,X,Y) values (603,28,45,127.10833527344927,37.54378297712624);
Insert into JOADB.POINT (POINT_NO,COURSE_NO,ORDER_NO,X,Y) values (604,28,46,127.11578592584485,37.561651698689495);
Insert into JOADB.POINT (POINT_NO,COURSE_NO,ORDER_NO,X,Y) values (605,28,47,127.12811943668073,37.57288337989661);
Insert into JOADB.POINT (POINT_NO,COURSE_NO,ORDER_NO,X,Y) values (606,28,48,127.13462726899004,37.56595649723855);
Insert into JOADB.POINT (POINT_NO,COURSE_NO,ORDER_NO,X,Y) values (607,29,0,128.6144096735681,35.82864691126234);
Insert into JOADB.POINT (POINT_NO,COURSE_NO,ORDER_NO,X,Y) values (608,29,1,128.6137251691598,35.82653841227162);
Insert into JOADB.POINT (POINT_NO,COURSE_NO,ORDER_NO,X,Y) values (609,29,2,128.62125959519207,35.82594136342272);
Insert into JOADB.POINT (POINT_NO,COURSE_NO,ORDER_NO,X,Y) values (610,29,3,128.621996241793,35.8267965217369);
Insert into JOADB.POINT (POINT_NO,COURSE_NO,ORDER_NO,X,Y) values (611,29,4,128.62138670175784,35.82838175194022);
Insert into JOADB.POINT (POINT_NO,COURSE_NO,ORDER_NO,X,Y) values (612,29,5,128.61439879343695,35.82865606890059);
Insert into JOADB.POINT (POINT_NO,COURSE_NO,ORDER_NO,X,Y) values (613,30,0,126.75813600450589,37.66604276357607);
Insert into JOADB.POINT (POINT_NO,COURSE_NO,ORDER_NO,X,Y) values (614,30,1,126.7566026998703,37.663552907989775);
Insert into JOADB.POINT (POINT_NO,COURSE_NO,ORDER_NO,X,Y) values (615,30,2,126.75814945166046,37.661898287839605);
Insert into JOADB.POINT (POINT_NO,COURSE_NO,ORDER_NO,X,Y) values (616,30,3,126.75996441653162,37.661397446688376);
Insert into JOADB.POINT (POINT_NO,COURSE_NO,ORDER_NO,X,Y) values (617,30,4,126.76055803101602,37.66006520347066);
Insert into JOADB.POINT (POINT_NO,COURSE_NO,ORDER_NO,X,Y) values (618,30,5,126.76019641515097,37.65974011621536);
Insert into JOADB.POINT (POINT_NO,COURSE_NO,ORDER_NO,X,Y) values (619,30,6,126.76078573373583,37.65974131278414);
Insert into JOADB.POINT (POINT_NO,COURSE_NO,ORDER_NO,X,Y) values (620,30,7,126.76137585981077,37.65949023372611);
Insert into JOADB.POINT (POINT_NO,COURSE_NO,ORDER_NO,X,Y) values (621,30,8,126.7613770133008,37.65912984416066);
Insert into JOADB.POINT (POINT_NO,COURSE_NO,ORDER_NO,X,Y) values (622,30,9,126.7613800122787,37.65819283118702);
Insert into JOADB.POINT (POINT_NO,COURSE_NO,ORDER_NO,X,Y) values (623,30,10,126.76202143670731,37.656067813942165);
Insert into JOADB.POINT (POINT_NO,COURSE_NO,ORDER_NO,X,Y) values (624,30,11,126.76261611885025,37.65437516900873);
Insert into JOADB.POINT (POINT_NO,COURSE_NO,ORDER_NO,X,Y) values (625,30,12,126.76307112592934,37.653835495406135);
Insert into JOADB.POINT (POINT_NO,COURSE_NO,ORDER_NO,X,Y) values (626,30,13,126.76361621178364,37.65347619666386);
Insert into JOADB.POINT (POINT_NO,COURSE_NO,ORDER_NO,X,Y) values (627,30,14,126.76389160542527,37.65239557126569);
Insert into JOADB.POINT (POINT_NO,COURSE_NO,ORDER_NO,X,Y) values (628,30,15,126.76557383015334,37.65077716039267);
Insert into JOADB.POINT (POINT_NO,COURSE_NO,ORDER_NO,X,Y) values (629,30,16,126.7665707934566,37.65085121581343);
Insert into JOADB.POINT (POINT_NO,COURSE_NO,ORDER_NO,X,Y) values (630,30,17,126.7682952280114,37.65020590892925);
Insert into JOADB.POINT (POINT_NO,COURSE_NO,ORDER_NO,X,Y) values (631,30,18,126.76893214286358,37.64945033386334);
Insert into JOADB.POINT (POINT_NO,COURSE_NO,ORDER_NO,X,Y) values (632,30,19,126.76997519600957,37.649272175983725);
Insert into JOADB.POINT (POINT_NO,COURSE_NO,ORDER_NO,X,Y) values (633,30,20,126.77101481405045,37.65021121911577);
Insert into JOADB.POINT (POINT_NO,COURSE_NO,ORDER_NO,X,Y) values (634,30,21,126.77101282225331,37.650859921747404);
Insert into JOADB.POINT (POINT_NO,COURSE_NO,ORDER_NO,X,Y) values (635,30,22,126.77028559476236,37.65150721432219);
Insert into JOADB.POINT (POINT_NO,COURSE_NO,ORDER_NO,X,Y) values (636,30,23,126.76992275459314,37.651578585709984);
Insert into JOADB.POINT (POINT_NO,COURSE_NO,ORDER_NO,X,Y) values (637,30,24,126.76942437751761,37.65150553417394);
Insert into JOADB.POINT (POINT_NO,COURSE_NO,ORDER_NO,X,Y) values (638,30,25,126.76915163327558,37.651757275460305);
Insert into JOADB.POINT (POINT_NO,COURSE_NO,ORDER_NO,X,Y) values (639,30,26,126.76756652322709,37.651321692064535);
Insert into JOADB.POINT (POINT_NO,COURSE_NO,ORDER_NO,X,Y) values (640,30,27,126.7676986876271,37.65254728652527);
Insert into JOADB.POINT (POINT_NO,COURSE_NO,ORDER_NO,X,Y) values (641,30,28,126.76815039745877,37.65305272444441);
Insert into JOADB.POINT (POINT_NO,COURSE_NO,ORDER_NO,X,Y) values (642,30,29,126.76932569663539,37.6541001661705);
Insert into JOADB.POINT (POINT_NO,COURSE_NO,ORDER_NO,X,Y) values (643,30,30,126.76973232035438,37.654533431305865);
Insert into JOADB.POINT (POINT_NO,COURSE_NO,ORDER_NO,X,Y) values (644,30,31,126.76819068418318,37.65467456886252);
Insert into JOADB.POINT (POINT_NO,COURSE_NO,ORDER_NO,X,Y) values (645,30,32,126.76882897918671,37.65348652694223);
Insert into JOADB.POINT (POINT_NO,COURSE_NO,ORDER_NO,X,Y) values (646,30,33,126.76955367712657,37.653668141009085);
Insert into JOADB.POINT (POINT_NO,COURSE_NO,ORDER_NO,X,Y) values (647,30,34,126.77018694383955,37.65410184713696);
Insert into JOADB.POINT (POINT_NO,COURSE_NO,ORDER_NO,X,Y) values (648,30,35,126.76891315830288,37.65557696686907);
Insert into JOADB.POINT (POINT_NO,COURSE_NO,ORDER_NO,X,Y) values (649,30,36,126.76752268089722,37.65811499902778);
Insert into JOADB.POINT (POINT_NO,COURSE_NO,ORDER_NO,X,Y) values (650,30,37,126.7649298241477,37.66095695664073);
Insert into JOADB.POINT (POINT_NO,COURSE_NO,ORDER_NO,X,Y) values (651,30,38,126.76288250510078,37.66325936605866);
Insert into JOADB.POINT (POINT_NO,COURSE_NO,ORDER_NO,X,Y) values (652,30,39,126.7603383361559,37.66494806480172);
Insert into JOADB.POINT (POINT_NO,COURSE_NO,ORDER_NO,X,Y) values (653,30,40,126.75815908178122,37.66591667387973);
REM INSERTING into JOADB.Q_LIST
SET DEFINE OFF;
Insert into JOADB.Q_LIST (Q_LIST_NO,USER_NO,BOARD_CATEGORY,TITLE,CONTENT,REG_DATE,VIEW_COUNT) values (2,2,'question','문의합니다. ','안녕하세요

문의사항이 있어 글을 씁니다. 

사용법이 나와있지 않은데 어떻게 사용하는 건가요?',to_date('22/09/01','RR/MM/DD'),2);
Insert into JOADB.Q_LIST (Q_LIST_NO,USER_NO,BOARD_CATEGORY,TITLE,CONTENT,REG_DATE,VIEW_COUNT) values (3,5,'service','문의합니다','기록 등록 안되는데요',to_date('22/09/01','RR/MM/DD'),9);
Insert into JOADB.Q_LIST (Q_LIST_NO,USER_NO,BOARD_CATEGORY,TITLE,CONTENT,REG_DATE,VIEW_COUNT) values (4,7,'service','글쓰기가 안되요','가은아 무슨짓을 한거니 ?',to_date('22/09/01','RR/MM/DD'),8);
Insert into JOADB.Q_LIST (Q_LIST_NO,USER_NO,BOARD_CATEGORY,TITLE,CONTENT,REG_DATE,VIEW_COUNT) values (5,6,'service','글쓰기가 이상합니다','무슨 오류일까요 궁금합니다',to_date('22/09/01','RR/MM/DD'),4);
Insert into JOADB.Q_LIST (Q_LIST_NO,USER_NO,BOARD_CATEGORY,TITLE,CONTENT,REG_DATE,VIEW_COUNT) values (6,7,'question','졸린데 어떻해야 하나요 ?','졸린데 어떻해야 하나요 ?',to_date('22/09/01','RR/MM/DD'),5);
Insert into JOADB.Q_LIST (Q_LIST_NO,USER_NO,BOARD_CATEGORY,TITLE,CONTENT,REG_DATE,VIEW_COUNT) values (7,5,'question','문의합니다 답변좀해주세요','집에 가고싶어요',to_date('22/09/01','RR/MM/DD'),1);
Insert into JOADB.Q_LIST (Q_LIST_NO,USER_NO,BOARD_CATEGORY,TITLE,CONTENT,REG_DATE,VIEW_COUNT) values (8,4,'question','함께하기','함께하기 생성이 안되요.',to_date('22/09/01','RR/MM/DD'),0);
REM INSERTING into JOADB.Q_LIST_COMMENT
SET DEFINE OFF;
Insert into JOADB.Q_LIST_COMMENT (Q_COMMENT_NO,Q_LIST_NO,USER_NO,CONTENT,REG_DATE) values (1,6,3,'영원히 주무시면 됩니다~',to_date('22/09/01','RR/MM/DD'));
Insert into JOADB.Q_LIST_COMMENT (Q_COMMENT_NO,Q_LIST_NO,USER_NO,CONTENT,REG_DATE) values (2,4,4,'고객님 죄송하지만 서비스 업데이트 중입니다. 조금만 기다려 주시면 감사하겠습니다 : )',to_date('22/09/01','RR/MM/DD'));
Insert into JOADB.Q_LIST_COMMENT (Q_COMMENT_NO,Q_LIST_NO,USER_NO,CONTENT,REG_DATE) values (3,3,2,'됩니다! 하핳',to_date('22/09/01','RR/MM/DD'));
REM INSERTING into JOADB.RECORD
SET DEFINE OFF;
Insert into JOADB.RECORD (RECORD_NO,COURSE_NO,USER_NO,REVIEW,WEATHER,TEMPERATURE,COURSE_CATEGORY,COURSE_TIME,DIFFICULTY,REG_DATE) values (2,4,4,'동네 한바퀴 도니까 시원하네~ㅎㅎㅎ','sun',26,'jogging',17,'easy',to_date('22/09/01','RR/MM/DD'));
Insert into JOADB.RECORD (RECORD_NO,COURSE_NO,USER_NO,REVIEW,WEATHER,TEMPERATURE,COURSE_CATEGORY,COURSE_TIME,DIFFICULTY,REG_DATE) values (3,5,2,'좋아요><','sun',26,'jogging',0,'easy',to_date('22/09/01','RR/MM/DD'));
Insert into JOADB.RECORD (RECORD_NO,COURSE_NO,USER_NO,REVIEW,WEATHER,TEMPERATURE,COURSE_CATEGORY,COURSE_TIME,DIFFICULTY,REG_DATE) values (19,3,6,'살려주세요','sun',40,'jogging',240,'hard',to_date('22/09/01','RR/MM/DD'));
Insert into JOADB.RECORD (RECORD_NO,COURSE_NO,USER_NO,REVIEW,WEATHER,TEMPERATURE,COURSE_CATEGORY,COURSE_TIME,DIFFICULTY,REG_DATE) values (21,5,6,'이지','snow',-20,'marathon',240,'easy',to_date('22/09/01','RR/MM/DD'));
Insert into JOADB.RECORD (RECORD_NO,COURSE_NO,USER_NO,REVIEW,WEATHER,TEMPERATURE,COURSE_CATEGORY,COURSE_TIME,DIFFICULTY,REG_DATE) values (6,15,4,'살은 빠지겠네... ㅎㅎ','rain',23,'running',23,'normal',to_date('22/09/02','RR/MM/DD'));
Insert into JOADB.RECORD (RECORD_NO,COURSE_NO,USER_NO,REVIEW,WEATHER,TEMPERATURE,COURSE_CATEGORY,COURSE_TIME,DIFFICULTY,REG_DATE) values (7,13,2,'힘들어유 ㅠㅠ','null',28,'walk',0,'easy',to_date('22/08/20','RR/MM/DD'));
Insert into JOADB.RECORD (RECORD_NO,COURSE_NO,USER_NO,REVIEW,WEATHER,TEMPERATURE,COURSE_CATEGORY,COURSE_TIME,DIFFICULTY,REG_DATE) values (8,15,1,'가는길에 귀여운 냥이 봄 ^.^','moon',25,'running',60,'normal',to_date('22/08/03','RR/MM/DD'));
Insert into JOADB.RECORD (RECORD_NO,COURSE_NO,USER_NO,REVIEW,WEATHER,TEMPERATURE,COURSE_CATEGORY,COURSE_TIME,DIFFICULTY,REG_DATE) values (14,9,1,'밤에 정말로 시원해요~','null',25,'walk',30,'easy',to_date('22/08/28','RR/MM/DD'));
Insert into JOADB.RECORD (RECORD_NO,COURSE_NO,USER_NO,REVIEW,WEATHER,TEMPERATURE,COURSE_CATEGORY,COURSE_TIME,DIFFICULTY,REG_DATE) values (20,16,1,'와 안뛰었으면 지각할 뻔했어요...','sun',28,'running',5,'hard',to_date('22/08/29','RR/MM/DD'));
Insert into JOADB.RECORD (RECORD_NO,COURSE_NO,USER_NO,REVIEW,WEATHER,TEMPERATURE,COURSE_CATEGORY,COURSE_TIME,DIFFICULTY,REG_DATE) values (11,14,4,'너무 힘들어서 두번 다시 안 할 것 같아요...!ㅎㅎㅎ','sun',30,'marathon',2400,'easy',to_date('22/08/15','RR/MM/DD'));
Insert into JOADB.RECORD (RECORD_NO,COURSE_NO,USER_NO,REVIEW,WEATHER,TEMPERATURE,COURSE_CATEGORY,COURSE_TIME,DIFFICULTY,REG_DATE) values (16,10,2,'쭌이랑 산책하기 좋아오~','sun',-100,'jogging',0,'easy',to_date('22/09/01','RR/MM/DD'));
Insert into JOADB.RECORD (RECORD_NO,COURSE_NO,USER_NO,REVIEW,WEATHER,TEMPERATURE,COURSE_CATEGORY,COURSE_TIME,DIFFICULTY,REG_DATE) values (22,17,1,'와 뒤질 뻔했어요... 경찰한테 쳐맞을 뻔','sun',-100,'marathon',0,'hard',to_date('22/09/01','RR/MM/DD'));
Insert into JOADB.RECORD (RECORD_NO,COURSE_NO,USER_NO,REVIEW,WEATHER,TEMPERATURE,COURSE_CATEGORY,COURSE_TIME,DIFFICULTY,REG_DATE) values (18,13,1,'사람도 산책 가능합니다~','moon',28,'walk',60,'easy',to_date('22/09/01','RR/MM/DD'));
Insert into JOADB.RECORD (RECORD_NO,COURSE_NO,USER_NO,REVIEW,WEATHER,TEMPERATURE,COURSE_CATEGORY,COURSE_TIME,DIFFICULTY,REG_DATE) values (23,15,5,'힘들어유 ㅠㅠ','sun',29,'running',19,'normal',to_date('22/09/01','RR/MM/DD'));
Insert into JOADB.RECORD (RECORD_NO,COURSE_NO,USER_NO,REVIEW,WEATHER,TEMPERATURE,COURSE_CATEGORY,COURSE_TIME,DIFFICULTY,REG_DATE) values (24,18,6,'오뚜기 3분카레','moon',18,'marathon',3,'easy',to_date('22/09/02','RR/MM/DD'));
Insert into JOADB.RECORD (RECORD_NO,COURSE_NO,USER_NO,REVIEW,WEATHER,TEMPERATURE,COURSE_CATEGORY,COURSE_TIME,DIFFICULTY,REG_DATE) values (25,18,1,'후','sun',28,'jogging',40,'hard',to_date('22/08/20','RR/MM/DD'));
Insert into JOADB.RECORD (RECORD_NO,COURSE_NO,USER_NO,REVIEW,WEATHER,TEMPERATURE,COURSE_CATEGORY,COURSE_TIME,DIFFICULTY,REG_DATE) values (26,20,1,'냥이들 많네요 ㅎㅎ','sun',21,'jogging',60,'easy',to_date('22/05/03','RR/MM/DD'));
Insert into JOADB.RECORD (RECORD_NO,COURSE_NO,USER_NO,REVIEW,WEATHER,TEMPERATURE,COURSE_CATEGORY,COURSE_TIME,DIFFICULTY,REG_DATE) values (27,5,5,'구경 거리가 많아요~','sun',29,'jogging',30,'easy',to_date('22/09/01','RR/MM/DD'));
Insert into JOADB.RECORD (RECORD_NO,COURSE_NO,USER_NO,REVIEW,WEATHER,TEMPERATURE,COURSE_CATEGORY,COURSE_TIME,DIFFICULTY,REG_DATE) values (28,16,3,'진짜 출근 너무 귀찮...','sun',24,'running',20,'easy',to_date('22/09/01','RR/MM/DD'));
Insert into JOADB.RECORD (RECORD_NO,COURSE_NO,USER_NO,REVIEW,WEATHER,TEMPERATURE,COURSE_CATEGORY,COURSE_TIME,DIFFICULTY,REG_DATE) values (29,11,5,'저희 집이랑 가깝네요 ㅋㅋ','sun',29,'running',20,'normal',to_date('22/09/01','RR/MM/DD'));
Insert into JOADB.RECORD (RECORD_NO,COURSE_NO,USER_NO,REVIEW,WEATHER,TEMPERATURE,COURSE_CATEGORY,COURSE_TIME,DIFFICULTY,REG_DATE) values (30,10,5,'깜이 쓰러질뻔 했어요','sun',29,'walk',40,'hard',to_date('22/09/01','RR/MM/DD'));
Insert into JOADB.RECORD (RECORD_NO,COURSE_NO,USER_NO,REVIEW,WEATHER,TEMPERATURE,COURSE_CATEGORY,COURSE_TIME,DIFFICULTY,REG_DATE) values (31,16,3,'진짜 시위 때문에 지각했어요...','rain',23,'running',60,'hard',to_date('22/08/30','RR/MM/DD'));
Insert into JOADB.RECORD (RECORD_NO,COURSE_NO,USER_NO,REVIEW,WEATHER,TEMPERATURE,COURSE_CATEGORY,COURSE_TIME,DIFFICULTY,REG_DATE) values (32,16,5,'집에 가고싶어요...','sun',29,'walk',30,'hard',to_date('22/09/01','RR/MM/DD'));
Insert into JOADB.RECORD (RECORD_NO,COURSE_NO,USER_NO,REVIEW,WEATHER,TEMPERATURE,COURSE_CATEGORY,COURSE_TIME,DIFFICULTY,REG_DATE) values (33,3,5,'집에 가고싶다','sun',29,'bicycle',0,'hard',to_date('22/09/01','RR/MM/DD'));
Insert into JOADB.RECORD (RECORD_NO,COURSE_NO,USER_NO,REVIEW,WEATHER,TEMPERATURE,COURSE_CATEGORY,COURSE_TIME,DIFFICULTY,REG_DATE) values (34,13,3,'빨리 걸었습니다 ㅎㅎ','null',-100,'walk',30,'normal',to_date('22/09/01','RR/MM/DD'));
Insert into JOADB.RECORD (RECORD_NO,COURSE_NO,USER_NO,REVIEW,WEATHER,TEMPERATURE,COURSE_CATEGORY,COURSE_TIME,DIFFICULTY,REG_DATE) values (35,20,3,'이쁜 강아지 그리고 왔습니다~','sun',-100,'running',60,'normal',to_date('22/09/01','RR/MM/DD'));
Insert into JOADB.RECORD (RECORD_NO,COURSE_NO,USER_NO,REVIEW,WEATHER,TEMPERATURE,COURSE_CATEGORY,COURSE_TIME,DIFFICULTY,REG_DATE) values (36,20,1,'오늘은 좀 힘드네요...','sun',30,'running',70,'easy',to_date('22/09/01','RR/MM/DD'));
Insert into JOADB.RECORD (RECORD_NO,COURSE_NO,USER_NO,REVIEW,WEATHER,TEMPERATURE,COURSE_CATEGORY,COURSE_TIME,DIFFICULTY,REG_DATE) values (37,8,5,'ㅎㅎㅎ','sun',29,'jogging',15,'easy',to_date('22/09/01','RR/MM/DD'));
Insert into JOADB.RECORD (RECORD_NO,COURSE_NO,USER_NO,REVIEW,WEATHER,TEMPERATURE,COURSE_CATEGORY,COURSE_TIME,DIFFICULTY,REG_DATE) values (38,17,5,'ㅗ^^ㅗ','sun',-100,'walk',5,'easy',to_date('22/09/01','RR/MM/DD'));
Insert into JOADB.RECORD (RECORD_NO,COURSE_NO,USER_NO,REVIEW,WEATHER,TEMPERATURE,COURSE_CATEGORY,COURSE_TIME,DIFFICULTY,REG_DATE) values (39,20,5,'고양이 만지고싶당','sun',29,'jogging',73,'easy',to_date('22/09/01','RR/MM/DD'));
Insert into JOADB.RECORD (RECORD_NO,COURSE_NO,USER_NO,REVIEW,WEATHER,TEMPERATURE,COURSE_CATEGORY,COURSE_TIME,DIFFICULTY,REG_DATE) values (40,22,5,'힘들었지만 따봉이네요','sun',29,'jogging',30,'easy',to_date('22/09/01','RR/MM/DD'));
Insert into JOADB.RECORD (RECORD_NO,COURSE_NO,USER_NO,REVIEW,WEATHER,TEMPERATURE,COURSE_CATEGORY,COURSE_TIME,DIFFICULTY,REG_DATE) values (41,24,5,'물고기...맞죠?...ㅎㅎ','sun',29,'walk',90,'normal',to_date('22/09/01','RR/MM/DD'));
Insert into JOADB.RECORD (RECORD_NO,COURSE_NO,USER_NO,REVIEW,WEATHER,TEMPERATURE,COURSE_CATEGORY,COURSE_TIME,DIFFICULTY,REG_DATE) values (42,14,1,'날면 금방 갑니다~','sun',30,'marathon',30,'easy',to_date('22/09/02','RR/MM/DD'));
REM INSERTING into JOADB.RECORD_IMG
SET DEFINE OFF;
Insert into JOADB.RECORD_IMG (RECORD_IMG_NO,RECORD_NO,SAVE_NAME,FILE_PATH,ORDER_NO) values (1,2,'166201157370928888588-baea-4992-8825-ec1e43c5379c.jpg','/upload/166201157370928888588-baea-4992-8825-ec1e43c5379c.jpg',0);
Insert into JOADB.RECORD_IMG (RECORD_IMG_NO,RECORD_NO,SAVE_NAME,FILE_PATH,ORDER_NO) values (2,3,'1662011690933b07c00ee-5e50-46db-990e-0f22b0388607.jpg','/upload/1662011690933b07c00ee-5e50-46db-990e-0f22b0388607.jpg',0);
Insert into JOADB.RECORD_IMG (RECORD_IMG_NO,RECORD_NO,SAVE_NAME,FILE_PATH,ORDER_NO) values (17,21,'16620141622155215d146-4a45-4efb-b230-94b86102cd3c.jpg','/upload/16620141622155215d146-4a45-4efb-b230-94b86102cd3c.jpg',1);
Insert into JOADB.RECORD_IMG (RECORD_IMG_NO,RECORD_NO,SAVE_NAME,FILE_PATH,ORDER_NO) values (18,23,'16620144953585b1b1541-a179-49ab-92da-619081d15002.jpg','/upload/16620144953585b1b1541-a179-49ab-92da-619081d15002.jpg',0);
Insert into JOADB.RECORD_IMG (RECORD_IMG_NO,RECORD_NO,SAVE_NAME,FILE_PATH,ORDER_NO) values (5,6,'1662013045493c802cc91-e1f1-4c5f-aaa1-1bd9239aa57f.jpg','/upload/1662013045493c802cc91-e1f1-4c5f-aaa1-1bd9239aa57f.jpg',0);
Insert into JOADB.RECORD_IMG (RECORD_IMG_NO,RECORD_NO,SAVE_NAME,FILE_PATH,ORDER_NO) values (6,7,'1662013175572836063d4-e43c-4257-92f1-5a78f32cdf76.jpg','/upload/1662013175572836063d4-e43c-4257-92f1-5a78f32cdf76.jpg',0);
Insert into JOADB.RECORD_IMG (RECORD_IMG_NO,RECORD_NO,SAVE_NAME,FILE_PATH,ORDER_NO) values (7,8,'1662013410768aacd0359-60b8-4748-b6d5-70776990d9f6.jpg','/upload/1662013410768aacd0359-60b8-4748-b6d5-70776990d9f6.jpg',0);
Insert into JOADB.RECORD_IMG (RECORD_IMG_NO,RECORD_NO,SAVE_NAME,FILE_PATH,ORDER_NO) values (16,21,'166201416221509bb5b21-df70-4a6a-99ac-db5092f62ae7.jpg','/upload/166201416221509bb5b21-df70-4a6a-99ac-db5092f62ae7.jpg',0);
Insert into JOADB.RECORD_IMG (RECORD_IMG_NO,RECORD_NO,SAVE_NAME,FILE_PATH,ORDER_NO) values (14,16,'166201371055373273a4a-8441-4a6e-a842-31048a3372f6.jpg','/upload/166201371055373273a4a-8441-4a6e-a842-31048a3372f6.jpg',0);
Insert into JOADB.RECORD_IMG (RECORD_IMG_NO,RECORD_NO,SAVE_NAME,FILE_PATH,ORDER_NO) values (10,11,'1662013443503993ce03e-bca8-441a-aa33-4b7713904fe1.jpg','/upload/1662013443503993ce03e-bca8-441a-aa33-4b7713904fe1.jpg',0);
Insert into JOADB.RECORD_IMG (RECORD_IMG_NO,RECORD_NO,SAVE_NAME,FILE_PATH,ORDER_NO) values (19,26,'16620159875021e5feb30-c66f-44cf-932d-6d3504bb2d89.jpg','/upload/16620159875021e5feb30-c66f-44cf-932d-6d3504bb2d89.jpg',0);
Insert into JOADB.RECORD_IMG (RECORD_IMG_NO,RECORD_NO,SAVE_NAME,FILE_PATH,ORDER_NO) values (20,26,'16620159875022e6dbd3f-030f-4294-864a-adc2a916fdc0.jpg','/upload/16620159875022e6dbd3f-030f-4294-864a-adc2a916fdc0.jpg',1);
Insert into JOADB.RECORD_IMG (RECORD_IMG_NO,RECORD_NO,SAVE_NAME,FILE_PATH,ORDER_NO) values (21,27,'166201600843121d1459c-f3f5-4df1-9e10-9beb1974e968.jpg','/upload/166201600843121d1459c-f3f5-4df1-9e10-9beb1974e968.jpg',0);
Insert into JOADB.RECORD_IMG (RECORD_IMG_NO,RECORD_NO,SAVE_NAME,FILE_PATH,ORDER_NO) values (22,29,'16620161067029cc2dccc-dd59-466e-9d21-9545470d6ca5.jpg','/upload/16620161067029cc2dccc-dd59-466e-9d21-9545470d6ca5.jpg',0);
Insert into JOADB.RECORD_IMG (RECORD_IMG_NO,RECORD_NO,SAVE_NAME,FILE_PATH,ORDER_NO) values (23,30,'1662016199210ea841b15-1f97-4d1b-a386-c497a7f9eb05.jpg','/upload/1662016199210ea841b15-1f97-4d1b-a386-c497a7f9eb05.jpg',0);
Insert into JOADB.RECORD_IMG (RECORD_IMG_NO,RECORD_NO,SAVE_NAME,FILE_PATH,ORDER_NO) values (24,32,'16620164618821ecff05d-1a01-497e-85ba-cfa021c016b2.jpg','/upload/16620164618821ecff05d-1a01-497e-85ba-cfa021c016b2.jpg',0);
Insert into JOADB.RECORD_IMG (RECORD_IMG_NO,RECORD_NO,SAVE_NAME,FILE_PATH,ORDER_NO) values (25,33,'1662016747695c360528e-8e02-4d7c-934a-73569853ffd6.jpg','/upload/1662016747695c360528e-8e02-4d7c-934a-73569853ffd6.jpg',0);
Insert into JOADB.RECORD_IMG (RECORD_IMG_NO,RECORD_NO,SAVE_NAME,FILE_PATH,ORDER_NO) values (26,37,'166201827509842d55959-54b4-4987-80e7-cb417895ffb4.jpg','/upload/166201827509842d55959-54b4-4987-80e7-cb417895ffb4.jpg',0);
Insert into JOADB.RECORD_IMG (RECORD_IMG_NO,RECORD_NO,SAVE_NAME,FILE_PATH,ORDER_NO) values (27,39,'166201845780097b9327a-48d5-42f3-a357-c5c16c96ab74.jpg','/upload/166201845780097b9327a-48d5-42f3-a357-c5c16c96ab74.jpg',0);
REM INSERTING into JOADB.USERS
SET DEFINE OFF;
Insert into JOADB.USERS (USER_NO,ID,PASSWORD,NAME,PHONE,EMAIL) values (1,'marshadow','1234','최보승','010-1111-1111','admin@joa.org');
Insert into JOADB.USERS (USER_NO,ID,PASSWORD,NAME,PHONE,EMAIL) values (2,'subintoto','1234','김수빈','010-2222-2222','admin2@joa.org');
Insert into JOADB.USERS (USER_NO,ID,PASSWORD,NAME,PHONE,EMAIL) values (3,'eleni','1234','김경애','010-3333-3333','admin3@joa.org');
Insert into JOADB.USERS (USER_NO,ID,PASSWORD,NAME,PHONE,EMAIL) values (4,'jane','1234','김가은','010-4444-4444','admin4@joa.org');
Insert into JOADB.USERS (USER_NO,ID,PASSWORD,NAME,PHONE,EMAIL) values (5,'gmlwl106','1234','박희지','010-5555-5555','admin5@joa.org');
Insert into JOADB.USERS (USER_NO,ID,PASSWORD,NAME,PHONE,EMAIL) values (6,'kekeke','111','외부인','0260200050','kekeke@gmail.com');
Insert into JOADB.USERS (USER_NO,ID,PASSWORD,NAME,PHONE,EMAIL) values (7,'dhqpqp1020','wldnd10','정지웅','01075419768','dhqpqp1234@daum.net');
--------------------------------------------------------
--  Constraints for Table USERS
--------------------------------------------------------

  ALTER TABLE "JOADB"."USERS" ADD UNIQUE ("EMAIL")
  USING INDEX PCTFREE 10 INITRANS 2 MAXTRANS 255 COMPUTE STATISTICS 
  STORAGE(INITIAL 65536 NEXT 1048576 MINEXTENTS 1 MAXEXTENTS 2147483645
  PCTINCREASE 0 FREELISTS 1 FREELIST GROUPS 1 BUFFER_POOL DEFAULT FLASH_CACHE DEFAULT CELL_FLASH_CACHE DEFAULT)
  TABLESPACE "SYSTEM"  ENABLE;
  ALTER TABLE "JOADB"."USERS" ADD UNIQUE ("PHONE")
  USING INDEX PCTFREE 10 INITRANS 2 MAXTRANS 255 COMPUTE STATISTICS 
  STORAGE(INITIAL 65536 NEXT 1048576 MINEXTENTS 1 MAXEXTENTS 2147483645
  PCTINCREASE 0 FREELISTS 1 FREELIST GROUPS 1 BUFFER_POOL DEFAULT FLASH_CACHE DEFAULT CELL_FLASH_CACHE DEFAULT)
  TABLESPACE "SYSTEM"  ENABLE;
  ALTER TABLE "JOADB"."USERS" ADD UNIQUE ("ID")
  USING INDEX PCTFREE 10 INITRANS 2 MAXTRANS 255 COMPUTE STATISTICS 
  STORAGE(INITIAL 65536 NEXT 1048576 MINEXTENTS 1 MAXEXTENTS 2147483645
  PCTINCREASE 0 FREELISTS 1 FREELIST GROUPS 1 BUFFER_POOL DEFAULT FLASH_CACHE DEFAULT CELL_FLASH_CACHE DEFAULT)
  TABLESPACE "SYSTEM"  ENABLE;
  ALTER TABLE "JOADB"."USERS" ADD PRIMARY KEY ("USER_NO")
  USING INDEX PCTFREE 10 INITRANS 2 MAXTRANS 255 COMPUTE STATISTICS 
  STORAGE(INITIAL 65536 NEXT 1048576 MINEXTENTS 1 MAXEXTENTS 2147483645
  PCTINCREASE 0 FREELISTS 1 FREELIST GROUPS 1 BUFFER_POOL DEFAULT FLASH_CACHE DEFAULT CELL_FLASH_CACHE DEFAULT)
  TABLESPACE "SYSTEM"  ENABLE;
  ALTER TABLE "JOADB"."USERS" MODIFY ("EMAIL" NOT NULL ENABLE);
  ALTER TABLE "JOADB"."USERS" MODIFY ("PHONE" NOT NULL ENABLE);
  ALTER TABLE "JOADB"."USERS" MODIFY ("NAME" NOT NULL ENABLE);
  ALTER TABLE "JOADB"."USERS" MODIFY ("PASSWORD" NOT NULL ENABLE);
  ALTER TABLE "JOADB"."USERS" MODIFY ("ID" NOT NULL ENABLE);
--------------------------------------------------------
--  Constraints for Table EVENT
--------------------------------------------------------

  ALTER TABLE "JOADB"."EVENT" ADD PRIMARY KEY ("EVENT_NO")
  USING INDEX PCTFREE 10 INITRANS 2 MAXTRANS 255 COMPUTE STATISTICS 
  STORAGE(INITIAL 65536 NEXT 1048576 MINEXTENTS 1 MAXEXTENTS 2147483645
  PCTINCREASE 0 FREELISTS 1 FREELIST GROUPS 1 BUFFER_POOL DEFAULT FLASH_CACHE DEFAULT CELL_FLASH_CACHE DEFAULT)
  TABLESPACE "SYSTEM"  ENABLE;
  ALTER TABLE "JOADB"."EVENT" MODIFY ("EVENT_START" NOT NULL ENABLE);
  ALTER TABLE "JOADB"."EVENT" MODIFY ("REG_END" NOT NULL ENABLE);
  ALTER TABLE "JOADB"."EVENT" MODIFY ("REG_START" NOT NULL ENABLE);
  ALTER TABLE "JOADB"."EVENT" MODIFY ("JOIN_MAX" NOT NULL ENABLE);
  ALTER TABLE "JOADB"."EVENT" MODIFY ("PLACE" NOT NULL ENABLE);
  ALTER TABLE "JOADB"."EVENT" MODIFY ("CONTENT" NOT NULL ENABLE);
  ALTER TABLE "JOADB"."EVENT" MODIFY ("EVENT_TITLE" NOT NULL ENABLE);
--------------------------------------------------------
--  Constraints for Table Q_LIST
--------------------------------------------------------

  ALTER TABLE "JOADB"."Q_LIST" MODIFY ("TITLE" NOT NULL ENABLE);
  ALTER TABLE "JOADB"."Q_LIST" MODIFY ("BOARD_CATEGORY" NOT NULL ENABLE);
  ALTER TABLE "JOADB"."Q_LIST" ADD PRIMARY KEY ("Q_LIST_NO")
  USING INDEX PCTFREE 10 INITRANS 2 MAXTRANS 255 COMPUTE STATISTICS 
  STORAGE(INITIAL 65536 NEXT 1048576 MINEXTENTS 1 MAXEXTENTS 2147483645
  PCTINCREASE 0 FREELISTS 1 FREELIST GROUPS 1 BUFFER_POOL DEFAULT FLASH_CACHE DEFAULT CELL_FLASH_CACHE DEFAULT)
  TABLESPACE "SYSTEM"  ENABLE;
  ALTER TABLE "JOADB"."Q_LIST" MODIFY ("VIEW_COUNT" NOT NULL ENABLE);
  ALTER TABLE "JOADB"."Q_LIST" MODIFY ("REG_DATE" NOT NULL ENABLE);
  ALTER TABLE "JOADB"."Q_LIST" MODIFY ("CONTENT" NOT NULL ENABLE);
--------------------------------------------------------
--  Constraints for Table RECORD
--------------------------------------------------------

  ALTER TABLE "JOADB"."RECORD" ADD PRIMARY KEY ("RECORD_NO")
  USING INDEX PCTFREE 10 INITRANS 2 MAXTRANS 255 COMPUTE STATISTICS 
  STORAGE(INITIAL 65536 NEXT 1048576 MINEXTENTS 1 MAXEXTENTS 2147483645
  PCTINCREASE 0 FREELISTS 1 FREELIST GROUPS 1 BUFFER_POOL DEFAULT FLASH_CACHE DEFAULT CELL_FLASH_CACHE DEFAULT)
  TABLESPACE "SYSTEM"  ENABLE;
  ALTER TABLE "JOADB"."RECORD" MODIFY ("REG_DATE" NOT NULL ENABLE);
  ALTER TABLE "JOADB"."RECORD" MODIFY ("DIFFICULTY" NOT NULL ENABLE);
  ALTER TABLE "JOADB"."RECORD" MODIFY ("COURSE_TIME" NOT NULL ENABLE);
  ALTER TABLE "JOADB"."RECORD" MODIFY ("COURSE_CATEGORY" NOT NULL ENABLE);
--------------------------------------------------------
--  Constraints for Table RECORD_IMG
--------------------------------------------------------

  ALTER TABLE "JOADB"."RECORD_IMG" ADD PRIMARY KEY ("RECORD_IMG_NO")
  USING INDEX PCTFREE 10 INITRANS 2 MAXTRANS 255 COMPUTE STATISTICS 
  STORAGE(INITIAL 65536 NEXT 1048576 MINEXTENTS 1 MAXEXTENTS 2147483645
  PCTINCREASE 0 FREELISTS 1 FREELIST GROUPS 1 BUFFER_POOL DEFAULT FLASH_CACHE DEFAULT CELL_FLASH_CACHE DEFAULT)
  TABLESPACE "SYSTEM"  ENABLE;
  ALTER TABLE "JOADB"."RECORD_IMG" MODIFY ("ORDER_NO" NOT NULL ENABLE);
  ALTER TABLE "JOADB"."RECORD_IMG" MODIFY ("FILE_PATH" NOT NULL ENABLE);
  ALTER TABLE "JOADB"."RECORD_IMG" MODIFY ("SAVE_NAME" NOT NULL ENABLE);
--------------------------------------------------------
--  Constraints for Table EVENT_COMMENT
--------------------------------------------------------

  ALTER TABLE "JOADB"."EVENT_COMMENT" ADD PRIMARY KEY ("E_COMMENT_NO")
  USING INDEX PCTFREE 10 INITRANS 2 MAXTRANS 255 COMPUTE STATISTICS 
  STORAGE(INITIAL 65536 NEXT 1048576 MINEXTENTS 1 MAXEXTENTS 2147483645
  PCTINCREASE 0 FREELISTS 1 FREELIST GROUPS 1 BUFFER_POOL DEFAULT FLASH_CACHE DEFAULT CELL_FLASH_CACHE DEFAULT)
  TABLESPACE "SYSTEM"  ENABLE;
  ALTER TABLE "JOADB"."EVENT_COMMENT" MODIFY ("REG_DATE" NOT NULL ENABLE);
  ALTER TABLE "JOADB"."EVENT_COMMENT" MODIFY ("CONTENT" NOT NULL ENABLE);
--------------------------------------------------------
--  Constraints for Table POINT
--------------------------------------------------------

  ALTER TABLE "JOADB"."POINT" ADD PRIMARY KEY ("POINT_NO")
  USING INDEX PCTFREE 10 INITRANS 2 MAXTRANS 255 COMPUTE STATISTICS 
  STORAGE(INITIAL 65536 NEXT 1048576 MINEXTENTS 1 MAXEXTENTS 2147483645
  PCTINCREASE 0 FREELISTS 1 FREELIST GROUPS 1 BUFFER_POOL DEFAULT FLASH_CACHE DEFAULT CELL_FLASH_CACHE DEFAULT)
  TABLESPACE "SYSTEM"  ENABLE;
  ALTER TABLE "JOADB"."POINT" MODIFY ("Y" NOT NULL ENABLE);
  ALTER TABLE "JOADB"."POINT" MODIFY ("X" NOT NULL ENABLE);
  ALTER TABLE "JOADB"."POINT" MODIFY ("ORDER_NO" NOT NULL ENABLE);
--------------------------------------------------------
--  Constraints for Table BOARD_IMG
--------------------------------------------------------

  ALTER TABLE "JOADB"."BOARD_IMG" ADD PRIMARY KEY ("BOARD_IMG_NO")
  USING INDEX PCTFREE 10 INITRANS 2 MAXTRANS 255 COMPUTE STATISTICS 
  STORAGE(INITIAL 65536 NEXT 1048576 MINEXTENTS 1 MAXEXTENTS 2147483645
  PCTINCREASE 0 FREELISTS 1 FREELIST GROUPS 1 BUFFER_POOL DEFAULT FLASH_CACHE DEFAULT CELL_FLASH_CACHE DEFAULT)
  TABLESPACE "SYSTEM"  ENABLE;
  ALTER TABLE "JOADB"."BOARD_IMG" MODIFY ("ORDER_NO" NOT NULL ENABLE);
  ALTER TABLE "JOADB"."BOARD_IMG" MODIFY ("FILE_PATH" NOT NULL ENABLE);
  ALTER TABLE "JOADB"."BOARD_IMG" MODIFY ("SAVE_NAME" NOT NULL ENABLE);
--------------------------------------------------------
--  Constraints for Table FAVORITE_COURSE
--------------------------------------------------------

  ALTER TABLE "JOADB"."FAVORITE_COURSE" MODIFY ("FAV_DATE" NOT NULL ENABLE);
--------------------------------------------------------
--  Constraints for Table Q_LIST_COMMENT
--------------------------------------------------------

  ALTER TABLE "JOADB"."Q_LIST_COMMENT" ADD PRIMARY KEY ("Q_COMMENT_NO")
  USING INDEX PCTFREE 10 INITRANS 2 MAXTRANS 255 COMPUTE STATISTICS 
  STORAGE(INITIAL 65536 NEXT 1048576 MINEXTENTS 1 MAXEXTENTS 2147483645
  PCTINCREASE 0 FREELISTS 1 FREELIST GROUPS 1 BUFFER_POOL DEFAULT FLASH_CACHE DEFAULT CELL_FLASH_CACHE DEFAULT)
  TABLESPACE "SYSTEM"  ENABLE;
  ALTER TABLE "JOADB"."Q_LIST_COMMENT" MODIFY ("REG_DATE" NOT NULL ENABLE);
  ALTER TABLE "JOADB"."Q_LIST_COMMENT" MODIFY ("CONTENT" NOT NULL ENABLE);
--------------------------------------------------------
--  Constraints for Table BOARD_COMMENT
--------------------------------------------------------

  ALTER TABLE "JOADB"."BOARD_COMMENT" ADD PRIMARY KEY ("B_COMMENT_NO")
  USING INDEX PCTFREE 10 INITRANS 2 MAXTRANS 255 COMPUTE STATISTICS 
  STORAGE(INITIAL 65536 NEXT 1048576 MINEXTENTS 1 MAXEXTENTS 2147483645
  PCTINCREASE 0 FREELISTS 1 FREELIST GROUPS 1 BUFFER_POOL DEFAULT FLASH_CACHE DEFAULT CELL_FLASH_CACHE DEFAULT)
  TABLESPACE "SYSTEM"  ENABLE;
  ALTER TABLE "JOADB"."BOARD_COMMENT" MODIFY ("REG_DATE" NOT NULL ENABLE);
  ALTER TABLE "JOADB"."BOARD_COMMENT" MODIFY ("CONTENT" NOT NULL ENABLE);
--------------------------------------------------------
--  Constraints for Table FAVORITE_CATEGORY
--------------------------------------------------------

  ALTER TABLE "JOADB"."FAVORITE_CATEGORY" ADD PRIMARY KEY ("CATE_NO")
  USING INDEX PCTFREE 10 INITRANS 2 MAXTRANS 255 COMPUTE STATISTICS 
  STORAGE(INITIAL 65536 NEXT 1048576 MINEXTENTS 1 MAXEXTENTS 2147483645
  PCTINCREASE 0 FREELISTS 1 FREELIST GROUPS 1 BUFFER_POOL DEFAULT FLASH_CACHE DEFAULT CELL_FLASH_CACHE DEFAULT)
  TABLESPACE "SYSTEM"  ENABLE;
  ALTER TABLE "JOADB"."FAVORITE_CATEGORY" MODIFY ("CATE_NAME" NOT NULL ENABLE);
--------------------------------------------------------
--  Constraints for Table BOARD
--------------------------------------------------------

  ALTER TABLE "JOADB"."BOARD" ADD PRIMARY KEY ("BOARD_NO")
  USING INDEX PCTFREE 10 INITRANS 2 MAXTRANS 255 COMPUTE STATISTICS 
  STORAGE(INITIAL 65536 NEXT 1048576 MINEXTENTS 1 MAXEXTENTS 2147483645
  PCTINCREASE 0 FREELISTS 1 FREELIST GROUPS 1 BUFFER_POOL DEFAULT FLASH_CACHE DEFAULT CELL_FLASH_CACHE DEFAULT)
  TABLESPACE "SYSTEM"  ENABLE;
  ALTER TABLE "JOADB"."BOARD" MODIFY ("VIEW_COUNT" NOT NULL ENABLE);
  ALTER TABLE "JOADB"."BOARD" MODIFY ("REG_DATE" NOT NULL ENABLE);
  ALTER TABLE "JOADB"."BOARD" MODIFY ("CONTENT" NOT NULL ENABLE);
  ALTER TABLE "JOADB"."BOARD" MODIFY ("TITLE" NOT NULL ENABLE);
  ALTER TABLE "JOADB"."BOARD" MODIFY ("BOARD_CATEGORY" NOT NULL ENABLE);
--------------------------------------------------------
--  Constraints for Table LIKED_COURSE
--------------------------------------------------------

  ALTER TABLE "JOADB"."LIKED_COURSE" MODIFY ("LIKE_DATE" NOT NULL ENABLE);
--------------------------------------------------------
--  Constraints for Table COURSE
--------------------------------------------------------

  ALTER TABLE "JOADB"."COURSE" ADD PRIMARY KEY ("COURSE_NO")
  USING INDEX PCTFREE 10 INITRANS 2 MAXTRANS 255 COMPUTE STATISTICS 
  STORAGE(INITIAL 65536 NEXT 1048576 MINEXTENTS 1 MAXEXTENTS 2147483645
  PCTINCREASE 0 FREELISTS 1 FREELIST GROUPS 1 BUFFER_POOL DEFAULT FLASH_CACHE DEFAULT CELL_FLASH_CACHE DEFAULT)
  TABLESPACE "SYSTEM"  ENABLE;
  ALTER TABLE "JOADB"."COURSE" MODIFY ("OPEN_STATUS" NOT NULL ENABLE);
  ALTER TABLE "JOADB"."COURSE" MODIFY ("REG_DATE" NOT NULL ENABLE);
  ALTER TABLE "JOADB"."COURSE" MODIFY ("DIFFICULTY" NOT NULL ENABLE);
  ALTER TABLE "JOADB"."COURSE" MODIFY ("COURSE_TIME" NOT NULL ENABLE);
  ALTER TABLE "JOADB"."COURSE" MODIFY ("COURSE_CATEGORY" NOT NULL ENABLE);
  ALTER TABLE "JOADB"."COURSE" MODIFY ("DISTANCE" NOT NULL ENABLE);
  ALTER TABLE "JOADB"."COURSE" MODIFY ("TITLE" NOT NULL ENABLE);
--------------------------------------------------------
--  Ref Constraints for Table BOARD
--------------------------------------------------------

  ALTER TABLE "JOADB"."BOARD" ADD CONSTRAINT "BOARD_COURSE_FK" FOREIGN KEY ("COURSE_NO")
	  REFERENCES "JOADB"."COURSE" ("COURSE_NO") ON DELETE SET NULL ENABLE;
  ALTER TABLE "JOADB"."BOARD" ADD CONSTRAINT "BOARD_EVENT_FK" FOREIGN KEY ("EVENT_NO")
	  REFERENCES "JOADB"."EVENT" ("EVENT_NO") ON DELETE SET NULL ENABLE;
  ALTER TABLE "JOADB"."BOARD" ADD CONSTRAINT "BOARD_USER_FK" FOREIGN KEY ("USER_NO")
	  REFERENCES "JOADB"."USERS" ("USER_NO") ON DELETE CASCADE ENABLE;
--------------------------------------------------------
--  Ref Constraints for Table BOARD_COMMENT
--------------------------------------------------------

  ALTER TABLE "JOADB"."BOARD_COMMENT" ADD CONSTRAINT "B_COMMENT_BOARD_FK" FOREIGN KEY ("BOARD_NO")
	  REFERENCES "JOADB"."BOARD" ("BOARD_NO") ON DELETE CASCADE ENABLE;
  ALTER TABLE "JOADB"."BOARD_COMMENT" ADD CONSTRAINT "B_COMMENT_MENTION_FK" FOREIGN KEY ("MENTION_USER")
	  REFERENCES "JOADB"."USERS" ("USER_NO") ON DELETE SET NULL ENABLE;
  ALTER TABLE "JOADB"."BOARD_COMMENT" ADD CONSTRAINT "B_COMMENT_USER_FK" FOREIGN KEY ("USER_NO")
	  REFERENCES "JOADB"."USERS" ("USER_NO") ON DELETE CASCADE ENABLE;
--------------------------------------------------------
--  Ref Constraints for Table BOARD_IMG
--------------------------------------------------------

  ALTER TABLE "JOADB"."BOARD_IMG" ADD CONSTRAINT "BOARD_IMG_FK" FOREIGN KEY ("BOARD_NO")
	  REFERENCES "JOADB"."BOARD" ("BOARD_NO") ON DELETE CASCADE ENABLE;
--------------------------------------------------------
--  Ref Constraints for Table COURSE
--------------------------------------------------------

  ALTER TABLE "JOADB"."COURSE" ADD CONSTRAINT "COURSE_USER_FK" FOREIGN KEY ("USER_NO")
	  REFERENCES "JOADB"."USERS" ("USER_NO") ON DELETE CASCADE ENABLE;
--------------------------------------------------------
--  Ref Constraints for Table EVENT
--------------------------------------------------------

  ALTER TABLE "JOADB"."EVENT" ADD CONSTRAINT "EVENT_COURSE_FK" FOREIGN KEY ("COURSE_NO")
	  REFERENCES "JOADB"."COURSE" ("COURSE_NO") ON DELETE CASCADE ENABLE;
  ALTER TABLE "JOADB"."EVENT" ADD CONSTRAINT "EVENT_USER_FK" FOREIGN KEY ("USER_NO")
	  REFERENCES "JOADB"."USERS" ("USER_NO") ON DELETE CASCADE ENABLE;
--------------------------------------------------------
--  Ref Constraints for Table EVENT_COMMENT
--------------------------------------------------------

  ALTER TABLE "JOADB"."EVENT_COMMENT" ADD CONSTRAINT "E_COMMENT_EVENT_FK" FOREIGN KEY ("EVENT_NO")
	  REFERENCES "JOADB"."EVENT" ("EVENT_NO") ON DELETE CASCADE ENABLE;
  ALTER TABLE "JOADB"."EVENT_COMMENT" ADD CONSTRAINT "E_COMMENT_MENTION_FK" FOREIGN KEY ("MENTION_USER")
	  REFERENCES "JOADB"."USERS" ("USER_NO") ON DELETE SET NULL ENABLE;
  ALTER TABLE "JOADB"."EVENT_COMMENT" ADD CONSTRAINT "E_COMMENT_USER_FK" FOREIGN KEY ("USER_NO")
	  REFERENCES "JOADB"."USERS" ("USER_NO") ON DELETE CASCADE ENABLE;
--------------------------------------------------------
--  Ref Constraints for Table EVENT_JOINED
--------------------------------------------------------

  ALTER TABLE "JOADB"."EVENT_JOINED" ADD CONSTRAINT "JOIN_EVENT_FK" FOREIGN KEY ("EVENT_NO")
	  REFERENCES "JOADB"."EVENT" ("EVENT_NO") ON DELETE CASCADE ENABLE;
  ALTER TABLE "JOADB"."EVENT_JOINED" ADD CONSTRAINT "JOIN_USER_FK" FOREIGN KEY ("USER_NO")
	  REFERENCES "JOADB"."USERS" ("USER_NO") ON DELETE CASCADE ENABLE;
--------------------------------------------------------
--  Ref Constraints for Table EVENT_TAGGED
--------------------------------------------------------

  ALTER TABLE "JOADB"."EVENT_TAGGED" ADD CONSTRAINT "TAGGED_EVENT" FOREIGN KEY ("EVENT_NO")
	  REFERENCES "JOADB"."EVENT" ("EVENT_NO") ON DELETE CASCADE ENABLE;
  ALTER TABLE "JOADB"."EVENT_TAGGED" ADD CONSTRAINT "TAGGED_USER_FK" FOREIGN KEY ("USER_NO")
	  REFERENCES "JOADB"."USERS" ("USER_NO") ON DELETE CASCADE ENABLE;
--------------------------------------------------------
--  Ref Constraints for Table FAVORITE_CATEGORY
--------------------------------------------------------

  ALTER TABLE "JOADB"."FAVORITE_CATEGORY" ADD CONSTRAINT "CATE_USER_FK" FOREIGN KEY ("USER_NO")
	  REFERENCES "JOADB"."USERS" ("USER_NO") ON DELETE CASCADE ENABLE;
--------------------------------------------------------
--  Ref Constraints for Table FAVORITE_COURSE
--------------------------------------------------------

  ALTER TABLE "JOADB"."FAVORITE_COURSE" ADD CONSTRAINT "FAV_CATE_FK" FOREIGN KEY ("CATE_NO")
	  REFERENCES "JOADB"."FAVORITE_CATEGORY" ("CATE_NO") ON DELETE CASCADE ENABLE;
  ALTER TABLE "JOADB"."FAVORITE_COURSE" ADD CONSTRAINT "FAV_COURSE_FK" FOREIGN KEY ("COURSE_NO")
	  REFERENCES "JOADB"."COURSE" ("COURSE_NO") ON DELETE CASCADE ENABLE;
--------------------------------------------------------
--  Ref Constraints for Table LIKED_COURSE
--------------------------------------------------------

  ALTER TABLE "JOADB"."LIKED_COURSE" ADD CONSTRAINT "LIKED_COURSE_FK" FOREIGN KEY ("COURSE_NO")
	  REFERENCES "JOADB"."COURSE" ("COURSE_NO") ON DELETE CASCADE ENABLE;
  ALTER TABLE "JOADB"."LIKED_COURSE" ADD CONSTRAINT "LIKED_USER_FK" FOREIGN KEY ("USER_NO")
	  REFERENCES "JOADB"."USERS" ("USER_NO") ON DELETE CASCADE ENABLE;
--------------------------------------------------------
--  Ref Constraints for Table POINT
--------------------------------------------------------

  ALTER TABLE "JOADB"."POINT" ADD CONSTRAINT "POINT_COURSE_FK" FOREIGN KEY ("COURSE_NO")
	  REFERENCES "JOADB"."COURSE" ("COURSE_NO") ON DELETE CASCADE ENABLE;
--------------------------------------------------------
--  Ref Constraints for Table Q_LIST
--------------------------------------------------------

  ALTER TABLE "JOADB"."Q_LIST" ADD CONSTRAINT "Q_LIST_FK" FOREIGN KEY ("USER_NO")
	  REFERENCES "JOADB"."USERS" ("USER_NO") ON DELETE CASCADE ENABLE;
--------------------------------------------------------
--  Ref Constraints for Table Q_LIST_COMMENT
--------------------------------------------------------

  ALTER TABLE "JOADB"."Q_LIST_COMMENT" ADD CONSTRAINT "Q_COMMENT_LIST_FK" FOREIGN KEY ("Q_LIST_NO")
	  REFERENCES "JOADB"."Q_LIST" ("Q_LIST_NO") ON DELETE CASCADE ENABLE;
  ALTER TABLE "JOADB"."Q_LIST_COMMENT" ADD CONSTRAINT "Q_COMMENT_USER_FK" FOREIGN KEY ("USER_NO")
	  REFERENCES "JOADB"."USERS" ("USER_NO") ON DELETE CASCADE ENABLE;
--------------------------------------------------------
--  Ref Constraints for Table RECORD
--------------------------------------------------------

  ALTER TABLE "JOADB"."RECORD" ADD CONSTRAINT "RECORD_COURSE_FK" FOREIGN KEY ("COURSE_NO")
	  REFERENCES "JOADB"."COURSE" ("COURSE_NO") ON DELETE CASCADE ENABLE;
  ALTER TABLE "JOADB"."RECORD" ADD CONSTRAINT "RECORD_USER_FK" FOREIGN KEY ("USER_NO")
	  REFERENCES "JOADB"."USERS" ("USER_NO") ON DELETE CASCADE ENABLE;
--------------------------------------------------------
--  Ref Constraints for Table RECORD_IMG
--------------------------------------------------------

  ALTER TABLE "JOADB"."RECORD_IMG" ADD CONSTRAINT "RECORD_IMG_FK" FOREIGN KEY ("RECORD_NO")
	  REFERENCES "JOADB"."RECORD" ("RECORD_NO") ON DELETE CASCADE ENABLE;
